ID,name_en,name_cz,src_en,src_cz,desc_cz,desc_en,common,hard,hard_tol,spgrav,spgrav_tol,color,group_id,formula,test
1,Agate,Achát,,https://cs.wikipedia.org/wiki/Ach%C3%A1t,,,1,6.5,0.5,,0,"Červená, oranžová, hnědá až černá, modrá, šedomodrá, bílá, výjimečně i nazelenalá",4,SiO2,
2,Adamin,Adamin,,https://cs.wikipedia.org/wiki/Adamin,,,1,3.25,0.25,,0,"Žlutozelená, žlutá, zelená, fialová, bezbarvý",7,Zn2(AsO4)(OH),
3,Adulár,Adulár,,https://cs.wikipedia.org/wiki/Adul%C3%A1r,,,1,,0,,0,,8,"(K,Na)AlSi3O8",
4,Agardite,Agardit,,https://cs.wikipedia.org/wiki/Agardit-(Ce),,,1,3,0,,0,"modrozelená, sytě světlezelená",7,CeCu6(AsO4)3(OH)6.3H2O,
5,Acanthite,Akantit,,https://cs.wikipedia.org/wiki/Akantit,,,1,2.25,0.25,,0,olověná šedá až černá,2,Ag2S,
6,Actinolite,Aktinolit,,https://cs.wikipedia.org/wiki/Aktinolit,,,1,5.5,0.5,,0,odstíny zelené,8,"Ca2(Mg,Fe2+)5{(OH)(Si4O11)}2",
7,Aquamarine,Akvamarín,,https://cs.wikipedia.org/wiki/Akvamar%C3%ADn,,,1,7.75,0.25,,0,modrá,8,Be3Al2Si6O18,
8,Alabandite,Alabandin,https://en.wikipedia.org/wiki/Alabandite,,,,0,3.75,0.25,,0,,2,,
9,Gypsum,Alabastr,https://en.wikipedia.org/wiki/Gypsum,https://cs.wikipedia.org/wiki/S%C3%A1drovec,,,1,1.75,0.25,,0,"bezbarvý, podle příměsí",6,CaSO4•2H2O,Sádrovec
10,Albite,Albit,,https://cs.wikipedia.org/wiki/Albit,,,1,6.25,0.25,,0,"bílá, šedá, namodralá...",8,NaAlSi3O8,
11,Allanite,Allanit,https://en.wikipedia.org/wiki/Allanite,,,,0,5.75,0.25,,0,,8," Ca(Ce,La,Y,Ca)Al2(Fe2+,Fe3+)O(SiO4)(Si2O7)(OH)",
12,Allemontite,Allemontit,,https://cs.wikipedia.org/wiki/Stibarsen,,,1,3.5,0.5,,0,"Bílá, šedá, šedavě bílá, načervenalá bílá",2,AsSb,
13,Almandine,Almandin,,https://cs.wikipedia.org/wiki/Almandin,,,1,7.25,0.25,,0,"sytě červená s odstínem do fialova, červenohnědá až hnědočerná",8,Fe2+3Al2(SiO4)3,
14,Alstonite,Alstonit,https://en.wikipedia.org/wiki/Alstonite,,,,0,,0,,0,,5,,
15,Aluminite,Aluminit,,https://cs.wikipedia.org/wiki/Aluminit,,,1,,0,,0,bílá až šedobílá,6,Al2SO4(OH)4·7H2O,
16,Alumocalcite,Alumokalcit,,,,,0,,0,,0,,4,,
17,Alunite,Alunit,,https://cs.wikipedia.org/wiki/Alunit,,,1,3.75,0.25,,0,"bílá, šedá, nažloutlá,načervenalá",6,KAl3[(OH)6|(SO4)2],
18,Alunogen,Alunogen,,,,,0,,0,,0,,6,,
19,Amaranthite,Amarantit,,,,,0,,0,,0,,6,,
20,Amazonite,Amazonit,,,,,0,,0,,0,,8,,
21,Amblygonite,Amblygonit,,https://cs.wikipedia.org/wiki/Amblygonit,,,1,,0,,0,,7,,
22,Amethyst,Ametyst,,https://cs.wikipedia.org/wiki/Ametyst,,,1,7,0,,0,fialová,4,SiO2,
23,Amphibole,Amfibol,,https://cs.wikipedia.org/wiki/Amfibol,,,1,5.5,0.5,,0,"tmavozelený až černozelený, černohnědý až černý",8,"Ca2 (Mg,Fe)4Al(Si7Al)O22(OH,F)2",
24,Asbestos,Amiant,,,,,0,,0,,0,,8,,
25,Amosite,Amozit,,,,,0,,0,,0,,8,,
26,Analcim,Analcim,,,,,0,,0,,0,,8,,
27,Anatas,Anatas,,https://cs.wikipedia.org/wiki/Anatas,,,1,5.75,0.25,,0,"stříbrná, šedočerná, (tmavo)modrá, žlutá...",4,TiO2,
28,Andalusite,Andalusit,,https://cs.wikipedia.org/wiki/Andalusit,,,1,6.75,0.25,,0,"růžová, fialovohnědá, šedá, červenohnědá, červenooranžová, červená, fialová, méně časté bílá, žlutá, zelená, modrá",8,Al2SiO5,
29,Andesine,Andezin,,,,,0,,0,,0,,8,,
30,Andorite,Andorit,,,,,0,,0,,0,,2,,
31,Andradit,Andradit,,https://cs.wikipedia.org/wiki/Andradit,,,1,6.75,0.25,,0,"bezbarvý, zelený, černý...",8,Ca3Fe23+(SiO4)3,
32,Anglesit,Anglesit,,,,,0,,0,,0,,6,,
33,Anhydrite,Anhydrit,,https://cs.wikipedia.org/wiki/Anhydrit,,https://www.minerals.net/mineral/anhydrite.aspx,1,3.25,0.25,,0,"bílá, namodralá, šedá...",6,CaSO4,
34,Ankerite,Ankerit,,,,,0,,0,,0,,5,,
35,Annabergite,Annabergit,,,,,0,,0,,0,,7,,
36,Anorthite,Anortit,,,,,0,,0,,0,,8,,
37,Anorthoclase,Anortoklas,,,,,0,,0,,0,,8,,
38,Antigorite,Antigorit,,,,,0,,0,,0,,8,,
39,Antimony,Antimon,,https://cs.wikipedia.org/wiki/Antimon,,,1,3,0,,0,,1,Sb,
40,Antimonite,Antimonit,,https://cs.wikipedia.org/wiki/Antimonit,,,1,2,0,,0,"olověně šedý, lehce namodralý šedý",2,Sb2S3,
41,Antlerite,Antlerit,,,,,0,,0,,0,,6,,
42,Anthophyllite,Antofylit,,,,,0,,0,,0,,8,,
43,Apatite,Apatit,,https://cs.wikipedia.org/wiki/Apatit,,,1,5,0,,0,"zelený, hnědý, světle fialový",7,"Ca5[(F, Cl, OH)|(PO4)3]",
44,Apjohnit,Apjohnit,,,,,0,,0,,0,,6,,
45,Apophyllite,Apofylit,,,,,0,,0,,0,,8,,
46,Aragonite,Aragonit,,https://cs.wikipedia.org/wiki/Aragonit,,,1,3.75,0.25,,0,"bílý, šedý, modravý",5,CaCO3,
47,Ardennite,Ardennit,,,,,0,,0,,0,,8,,
48,Arfvedsonite,Arfvedsonit,,,,,0,,0,,0,,8,,
49,Argentopyrite,Argentopyrit,,,,,0,,0,,0,,2,,
50,Argyrodite,Argyrodit,,,,,0,,0,,0,,2,,
51,Arsenic,Arsen,,https://cs.wikipedia.org/wiki/Arsen,,https://www.minerals.net/mineral/arsenic.aspx,1,3.5,0,,0,,1,As,
52,Arseniosiderite,Arseniosiderit,,,,,0,,0,,0,,7,,
53,Arsenopyrite,Arsenopyrit,,https://cs.wikipedia.org/wiki/Arsenopyrit,,,1,5.75,0.25,,0,"stříbřitě bílá, ocelově šedá",2,FeAsS,
54,Arsentsumebite,Arsentsumebit,,,,,0,,0,,0,,6,,
55,Arthurite,Arthurit,,,,,0,,0,,0,,7,,
56,Artinite,Artinit,,,,,0,,0,,0,,5,,
57,Arsenolite,Arzenolit,,,,,0,,0,,0,,4,,
58,Asbecasite,Asbecasit,,,,,0,,0,,0,,8,,
59,Astrophyllite,Astrofylit,,,,,0,,0,,0,,8,,
60,Atacamite,Atacamit,,https://cs.wikipedia.org/wiki/Atacamit,,,1,3.25,0.25,,0,zelená až černozelená,3,Cu2[(OH)3|Cl],
61,Augelite,Augelit,,,,,0,,0,,0,,7,,
62,Augite,Augit,,https://cs.wikipedia.org/wiki/Augit,,,1,5.75,0.25,,0,"černá, hnědočerná,tmavozelená",8,"(Ca,Na)(Mg,Fe,Al,Ti)[(Si,Al)2O6]",
63,Aurichalcite,Aurichalcit,,,,,0,,0,,0,,5,,
64,Auripigment,Auripigment,,https://cs.wikipedia.org/wiki/Auripigment,,,1,1.75,0.25,,0,"zlatožlutá, oranžově žlutá,hnědá",2,As2S3,
65,Austinite,Austunit,,,,,0,,0,,0,,7,,
66,Autunity,Autunit,,https://cs.wikipedia.org/wiki/Autunit,,,1,2.25,0.25,,0,"žlutá až nazelenalá, fluorescentní",7,Ca(UO2)2(PO4)2·10-12H2O,
67,Axinite,Axinit,,https://cs.wikipedia.org/wiki/Axinit,,,1,6.75,0.25,,0,hnědá až fialová,8,"(Ca,Fe,Mn)3Al2BO3Si4O12OH",
68,Asbestos,Azbest,,https://cs.wikipedia.org/wiki/Azbest,,,1,2.75,0.25,,0,"nazelenalá, nažloutlá, namodralá až bílá",8,Na2Fe2+3Fe3+2Si8O22(OH)2,
69,Azurite,Azurit,,https://cs.wikipedia.org/wiki/Azurit,,,1,3.75,0.25,,0,"azurově modrý, světle modrýaž černě modrý",5,Cu3(CO3)2(OH)2,
70,Babingtonite,Babingtonit,,,,,0,,0,,0,,8,,
71,Bari?it,Bari?it,,,,,0,,0,,0,,7,,
72,Barrandit,Barrandit,,,,,0,,0,,0,,7,,
73,Barite,Baryt,,https://cs.wikipedia.org/wiki/Baryt,,,1,3.25,0.25,,0,"bezbarvý, různě zbarvený",6,BaSO4,
74,Barytocalcite,Barytokalcit,,,,,0,,0,,0,,5,,
75,Bassetite,Bassetit,,,,,0,,0,,0,,7,,
76,Bastnäsit,Bastnäsit,,,,,0,,0,,0,,3,,
77,Baumhauer,Baumhauerit,,,,,0,,0,,0,,2,,
78,Bauxite,Bauxit,,https://cs.wikipedia.org/wiki/Bauxit,,,1,2,1,,0,"hnědo-žlutá, červená",4,Al2O3·2 H2O,
79,Bavenite,Bavenit,,,,,0,,0,,0,,8,,
80,Bayldonite,Bayldonit,,,,,0,,0,,0,,7,,
81,Bazzit,Bazzit,,,,,0,,0,,0,,8,,
82,Benitoid,Benitoit,,https://cs.wikipedia.org/wiki/Benitoit,,,1,,0,,0,,8,,
83,Bentonite,Bentonit,,https://cs.wikipedia.org/wiki/Bentonit,,,1,,0,,0,,8,,
84,Beraunit,Beraunit,,,,,0,,0,,0,,7,,
85,Berthierite,Berthierit,,https://cs.wikipedia.org/wiki/Berthierit,,,1,2.5,0.5,,0,ocelově šedá s náběhy,2,FeSb2S4,
86,Bertrandite,Bertrandit,,,,,0,,0,,0,,8,,
87,Beryl,Beryl,,https://cs.wikipedia.org/wiki/Ko%C4%8Di%C4%8D%C3%AD_oko_(beryl),,,1,7.75,0.25,,0,"bezbarvý, odstíny různých barev",8,Be3Al2Si6O18,
88,Berylonite,Beryllonit,,,,,0,,0,,0,,7,,
89,Betafit,Betafit,,,,,0,,0,,0,,4,,
90,Beudantite,Beudantit,,,,,0,,0,,0,,6,,
91,Biotite,Biotit,,https://cs.wikipedia.org/wiki/Biotit,,,1,2.75,0.25,,0,hnědý až černohnědý,8,"K(Mg,Fe2+)3[(OH,F)2(Al,Fe3+)Si3O10][1]",
92,Bismuth,Bizmut,,https://cs.wikipedia.org/wiki/Bismut,,,1,2.25,0,,0,,1,Bi,
93,Bismuth,Bizmutin,,,,,0,,0,,0,,2,,
94,Hurt,Boleit,,,,,0,,0,,0,,3,,
95,Boracite,Boracit,,,,,0,,0,,0,,5,,
96,Borax,Borax,,https://cs.wikipedia.org/wiki/Borax,,,1,2.25,0.25,,0,"bezbarvý, bílý, šedý…",5,Na2B4O7·10H2O,
97,Bornit,Bornit,,https://cs.wikipedia.org/wiki/Bornit,,,1,3,0,,0,hnědě červenavána vzduchu od modrofialové do černé,2,Cu5FeS4,
98,Botryogen,Botryogen,,,,,0,,0,,0,,6,,
99,Boulangerite,Boulangerit,,https://cs.wikipedia.org/wiki/Boulangerit,,,1,2.5,0,,0,olověná až černá,2,Pb5Sb4S11,
100,Bournonite,Bournonit,,https://cs.wikipedia.org/wiki/Bournonit,,,1,3,0,,0,"olověná, černá",2,PbCuSbS3,
101,Brownite,Braunit,,,,,0,,0,,0,,8,,
102,Brazilianity,Brazilianit,,,,,0,,0,,0,,7,,
103,Breithauptite,Breithauptit,,,,,0,,0,,0,,2,,
104,Brenkit,Brenkit,,,,,0,,0,,0,,5,,
105,Brochantite,Brochantit,,https://cs.wikipedia.org/wiki/Brochantit,,,1,3.75,0.25,,0,smaragdově zelená,6,Cu4[(OH)6|SO4],
106,Bronze,Bronzit,,,,,0,,0,,0,,8,,
107,Brookite,Brookit,,https://cs.wikipedia.org/wiki/Brookit,,,1,5.75,0.25,,0,"žlutohnědá, červenohnědáaž černá",4,TiO2,
108,Bruise,Brucit,,,,,0,,0,,0,,4,,
109,Buergerite,Buergerit,https://en.m.wikipedia.org/wiki/Fluor-buergerite,,,,0,,0,,0,,8,"NaFe3+3Al6(BO3)3Si6O18(O,F,OH)4",
110,Alexandrite,Alexandrit,,https://cs.m.wikipedia.org/wiki/Alexandrit,,,0,8.5,0,,0,"žlutý až smaragdově zelený, modrozelený, šedohnědý",8,BeAl2O4,
111,Burkeit,Burkeit,,,,,0,,0,,0,,6,,
112,Byssolite,Byssolit,,,,,0,,0,,0,,8,,
113,Bytownit,Bytownit,,,,,0,,0,,0,,8,,
114,Boehmite,Böhmit,,,,,0,,0,,0,,4,,
115,Cabrerite,Cabrerit,,,,,0,,0,,0,,7,,
116,Calaverite,Calaverit,,,,,0,2.75,0.25,,0,mosazně žlutá,2,AuTe2,
117,Caledonite,Caledonit,,,,,0,,0,,0,,6,,
118,Californian,Californit,,,,,0,,0,,0,,8,,
119,Carnallite,Carnallit,,,,,0,,0,,0,,3,,
120,Carnotite,Carnotit,,,,,0,,0,,0,,7,,
121,Carrollite,Carrollit,,,,,0,,0,,0,,2,,
122,Celestine,Celestin,,,,,0,,0,,0,,6,,
123,Cerit,Cerit,,,,,0,,0,,0,,8,,
124,Cerusite,Cerusit,,https://cs.wikipedia.org/wiki/Cerusit,,,1,3.25,0.25,,0,"bělavá, žlutá, černá",5,PbCO3,
125,Chabazite,Chabazit,,,,,0,,0,,0,,8,,
126,Chalcedony,Chalcedon,,https://cs.wikipedia.org/wiki/Chalcedon,,,1,6.75,0.25,,0,"bílá, šedá...",4,SiO2,
127,Chalcanthite,Chalkantit,,https://cs.wikipedia.org/wiki/Chalkantit,,,1,2.5,0,,0,modrá,6,CuSO4 . 5 H2O,
128,Chalcophyllite,Chalkofylit,,,,,0,,0,,0,,7,,
129,Chalcolithic,Chalkolit,,,,,0,,0,,0,,7,,
130,Chalcopyrite,Chalkopyrit,,https://cs.wikipedia.org/wiki/Chalkopyrit,,,1,3.75,0.25,,0,"mosazně žlutá, zlatožlutá",2,CuFeS2,
131,Chalcotrichite,Chalkotrichit,,,,,0,3.75,0.25,,0,"hnědočervená, červená...",4,Cu2O,
132,Chalcosine,Chalkozín,,,,,0,2.75,0.25,,0,"světle modrošedá, rychle tmavne a modravě nabíhá",2,Cu2S,
133,Chamosite,Chamosit,,,,,0,,0,,0,,8,,
134,Chiastolite,Chiastolit,,,,,0,,0,,0,,8,,
135,Chiavennite,Chiavennit,,,,,0,,0,,0,,8,,
136,Childrenit,Childrenit,,,,,0,,0,,0,,7,,
137,Chloantite,Chloantit,,,,,0,,0,,0,,2,NiAs2,
138,Chlorargyrite,Chlorargyrit,,https://cs.wikipedia.org/wiki/Chlorargyrit,,,1,1.75,0.25,,0,"bezbarvý, šedý",3,AgCl,
139,Chlorargyrite,Chlorargyrit,,https://cs.wikipedia.org/wiki/Chlorargyrit,,,1,1.75,0.25,,0,"bezbarvý, šedý",3,AgCl,
140,Chloritoid,Chloritoid,,https://cs.wikipedia.org/wiki/Chloritoid,,,1,,0,,0,,8,,
141,Chondrodite,Chondrodit,,,,,0,,0,,0,,8,,
142,Chromdravit,Chromdravit,,,,,0,,0,,0,,8,,
143,Chromite,Chromit,,https://cs.wikipedia.org/wiki/Chromit,,,1,5.5,0,,0,"hnědočerná, černá",4,FeCr2O4,
144,Chrysoberyl,Chryzoberyl,,https://cs.wikipedia.org/wiki/Chryzoberyl,,,1,8.5,0,,0,"žlutá, světle zelená...",4,BeAl2O4,
145,Chrysocolla,Chryzokol,,,,,0,,0,,0,,8,,
146,Chrysoprase,Chryzopras,,https://cs.wikipedia.org/wiki/Chryzopras,,,1,6.75,0.25,,0,odstíny zelené,4,SiO2,
147,Chrysotile,Chryzotil,,,,,0,,0,,0,,8,,
148,Cinnabarite,Cinabarit,,https://cs.wikipedia.org/wiki/Cinabarit,,,1,2.25,0.25,,0,"červená, hnědočervená",2,HgS,
149,Cinvaldite,Cinvaldit,,,,,0,,0,,0,,8,,
150,Citrine,Citrin,,,,,0,,0,,0,,4,,
151,Clausthalite,Clausthalit,,,,,0,,0,,0,,2,,
152,Colemanite,Colemanit,,,,,0,,0,,0,,5,,
153,Collinsite,Collinsit,,,,,0,,0,,0,,7,,
154,Columbite,Columbit,,,,,0,,0,,0,,4,,
155,Connellite,Connellit,,,,,0,,0,,0,,6,,
156,Copiapit,Copiapit,,,,,0,,0,,0,,6,,
157,Cordierite,Cordierit,,https://cs.wikipedia.org/wiki/Cordierit,,,1,,0,,0,,8,,
158,Cornetite,Cornetit,,,,,0,,0,,0,,7,,
159,Cornwallite,Cornwallit,,,,,0,,0,,0,,7,,
160,Coronadite,Coronadit,,,,,0,,0,,0,,4,,
161,Covellin,Covellin,,https://cs.wikipedia.org/wiki/Covellin,,,1,,0,,0,,2,,
162,Crandallite,Crandallit,,,,,0,,0,,0,,7,,
163,Creedit,Creedit,,,,,0,,0,,0,,6,,
164,Cronstedtite,Cronstedtit,,,,,0,,0,,0,,8,,
165,Crossite,Crossit,,,,,0,,0,,0,,8,,
166,Cubanite,Cubanit,,,,,0,,0,,0,,2,,
167,Cumengite,Cumengit,,,,,0,,0,,0,,4,,
168,Curit,Curit,,,,,0,,0,,0,,4,,
169,Cyprinus,Cyprin,,,,,0,,0,,0,,8,,
170,Danburite,Danburit,,,,,0,,0,,0,,8,,
171,Datolite,Datolit,,,,,0,,0,,0,,8,,
172,Davidite,Davidit,,,,,0,,0,,0,,4,,
173,Delvauxite,Delvauxit,,,,,0,,0,,0,,7,,
174,Demantoid,Demantoid,,,,,0,,0,,0,,8,,
175,Desautelsit,Desautelsit,,,,,0,,0,,0,,5,,
176,Descloizite,Descloizit,,,,,0,,0,,0,,7,,
177,Devilin,Devillín,,,,,0,2.5,0,,0,"smaragdová, tmavě zelená",6,CaCu4(SO4)2(OH)6·3H2O,
178,A diabolite,Diaboleit,,,,,0,,0,,0,,3,,
179,Dialogue,Dialag,,,,,0,,0,,0,,8,,
180,Diamond,Diamant,,https://cs.wikipedia.org/wiki/Diamant,,,1,10,0,,0,bezbarvý,1,C,
181,Diaspora,Diaspor,,,,,0,6.85,0.35,,0,"bezbarvý, bílá, žlutá...",4,α-AlO(OH),
182,Diopside,Diopsid,,https://cs.wikipedia.org/wiki/Diopsid,,,1,6,0.5,,0,"světle až tmavě zelená, někdy nažloutlá až bezbarvá",8,MgCaSi2O6,
183,Dioptas,Dioptas,,,,,0,,0,,0,,8,,
184,Dolomites,Dolomit,,https://cs.wikipedia.org/wiki/Dolomit,,,1,3.75,0.25,,0,"bílá, hnědavá, ...",5,CaMg(CO3)2,
185,Ravage,Dravit,,https://cs.wikipedia.org/wiki/Dravit,,,1,7.25,0.25,,0,"světle až tmavě černohnědý, modrý, bezbarvý",8,NaMg3Al6(BO3)3Si6O18(OH)4,
186,Duphrenite,Dufrenit,,,,,0,,0,,0,,7,,
187,Smell,Duftit,,,,,0,,0,,0,,7,,
188,Dumortierite,Dumortierit,,,,,0,,0,,0,,8,,
189,Dundasit,Dundasit,,,,,0,,0,,0,,5,,
190,Durangite,Durangit,,,,,0,,0,,0,,7,,
191,Dysanalyte,Dysanalyt,,,,,0,,0,,0,,4,,
192,Dyscrasite,Dyskrasit,,,,,0,,0,,0,,2,,
193,Edingtonite,Edingtonit,,,,,0,,0,,0,,8,,
194,Egeran,Egeran,,,,,0,6.75,0.25,,0,hnědá až hnědozelená,8,"(Ca,Na)19(Al,Mg,Fe)13(SiO4)10(Si2O7)4(OH,F,O)10",
195,Aegirin,Egirin,,,,,0,,0,,0,,8,,
196,Elbait,Elbait,,https://cs.wikipedia.org/wiki/Elbait,,,1,7.25,0.25,,0,"bezbarvá, růžová, červená, zelená, modrá, žlutá, hnědá až černá",8,"Na(Li,Al)3Al6(BO3)3Si6O18(OH)4",
197,Embolitis,Embolit,,https://cs.wikipedia.org/wiki/Embolit,,,1,,0,,0,,3,,
198,Emplectite,Emplektit,,,,,0,,0,,0,,2,,
199,Enargite,Enargit,,,,,0,,0,,0,,2,,
200,Enigmatite,Enigmatit,,,,,0,,0,,0,,8,,
201,Enstatite,Enstatit,,https://cs.wikipedia.org/wiki/Enstatit,,,1,5.5,0.5,,0,"bezbarvá, šedá, bílá, žlutá, nazelenalá, nahnědlá, někdy tmavozelená",8,Mg2Si2O6,
202,Eosphorite,Eosforit,,,,,0,,0,,0,,7,,
203,Epidote,Epidot,,https://cs.wikipedia.org/wiki/Epidot,,,1,6.5,0.5,,0,"zelená, černozelená, žlutozelená, žlutá, černá",8,"Ca2Al2(Fe3+,Al)(SiO4)(Si2O7)O(OH)",
204,Epistilbite,Epistilbit,,,,,0,,0,,0,,8,,
205,Epsomite,Epsomit,,,,,0,,0,,0,,6,,
206,Erythrin,Erytrin,,,,,0,,0,,0,,7,,
207,Aeschynite,Aeschynit,,https://cs.wikipedia.org/wiki/Aeschynit-(Ce),,,1,,0,,0,,4,,
208,Eskolait,Eskolait,,,,,0,,0,,0,,4,,
209,Esmerald,Esmerald,,,,,0,,0,,0,,8,,
210,Ettringite,Ettringit,,,,,0,,0,,0,,6,,
211,Euchroite,Euchroit,,https://cs.wikipedia.org/wiki/Euchroit,,,1,3.5,0,,0,Smaragdově zelená,7,Cu2(AsO4)(OH)•3H2O,
212,Eudialyte,Eudialyt,,,,,0,,0,,0,,8,,
213,Eudidymite,Eudidymit,,,,,0,,0,,0,,8,,
214,Eukairite,Eukairit,,,,,0,,0,,0,,2,Cu2Se . Ag2Se,
215,Euclas,Euklas,,,,,0,,0,,0,,8,,
216,Eulytin,Eulytin,,,,,0,,0,,0,,8,,
217,Euxenite,Euxenit,,,,,0,,0,,0,,4,,
218,Evansite,Evansit,,,,,0,,0,,0,,7,,
219,Fairfieldite,Fairfieldit,,,,,0,,0,,0,,7,,
220,Pharmacolyte,Farmakolit,,,,,0,,0,,0,,7,,
221,Pharmacosideritis,Farmakosiderit,,,,,0,,0,,0,,7,,
222,Fassait,Fassait,,,,,0,5,0.5,,0,"světle až tmavě zelená, někdy nažloutlá až bezbarvá",8,MgCaSi2O6,
223,Fayalite,Fayalit,,,,,0,,0,,0,,8,,
224,Phenakite,Fenakit,,https://cs.wikipedia.org/wiki/Fenakit,,,1,7.75,0.25,,0,"bezbarvý, žlutý ...",8,Be2SiO4,
225,Ferberite,Ferberit,,,,,0,,0,,0,,6,,
226,Fergusonite,Fergusonit,,,,,0,,0,,0,,4,,
227,Ferrierite,Ferrierit,,,,,0,,0,,0,,8,,
228,Fibroferrite,Fibroferit,,,,,0,,0,,0,,6,,
229,Fiedlerite,Fiedlerit,,,,,0,,0,,0,,4,,
230,Phlogopite,Flogopit,,,,,0,,0,,0,,8,,
231,Fluorite,Fluorit,,https://cs.wikipedia.org/wiki/Fluorit,,,1,4,0,,0,"bezbarvá, bílá, fialová, zelená, vínově žlutá, modrá, hnědá, černá",3,CaF2,
232,Forsterite,Forsterit,,https://cs.wikipedia.org/wiki/Forsterit,,,1,,0,,0,,8,,
233,Phosphosiderite,Fosfosiderit,,,,,0,,0,,0,,7,,
234,Phosgenite,Fosgenit,,,,,0,,0,,0,,5,,
235,Fosterite,Fosterit,,,,,0,,0,,0,,8,,
236,Franklinite,Franklinit,,https://cs.wikipedia.org/wiki/Franklinit,,,1,6.25,0.25,,0,černá,4,"(Zn,Mn,Fe)2+(Fe,Mn)3+2O4",
237,Francolite,Frankolit,,,,,0,,0,,0,,5,,
238,Franzinite,Franzinit,,,,,0,,0,,0,,8,,
239,Freibergite,Freibergit,,,,,0,,0,,0,,2,,
240,Freieslebenit,Freieslebenit,,,,,0,,0,,0,,2,,
241,Friedrichit,Friedrichit,,,,,0,,0,,0,,2,,
242,Gadolinite,Gadolinit,,https://cs.wikipedia.org/wiki/Gadolinit-(Ce),,,1,6.75,0.25,,0,"černá, zelenočerná...",8,Y2Fe2+Be2Si2O10,
243,Galena,Galenit,,,,,0,2.625,0.125,,0,kovově lesklý,2,PbS,
244,Garnierit,Garnierit,,,,,0,,0,,0,,8,,
245,Gedrit,Gedrit,,,,,0,,0,,0,,8,,
246,Gehlenite,Gehlenit,,,,,0,,0,,0,,8,,
247,Georgia ten,Georgiadesit,,,,,0,,0,,0,,7,,
248,Germanite,Germanit,,,,,0,,0,,0,,2,,
249,Gersdorffit,Gersdorffit,,,,,0,,0,,0,,2,NiAsS,
250,Gibbsite,Gibbsit,,,,,0,,0,,0,,4,Al(OH)3,
251,Gilbertite,Gilbertit,,,,,0,,0,,0,,8,,
252,Gismondin,Gismondin,,,,,0,,0,,0,,8,,
253,Glauberite,Glauberit,,,,,0,,0,,0,,6,,
254,Glaucodot,Glaukodot,,,,,0,,0,,0,,2,,
255,Glaucophane,Glaukofán,,,,,0,,0,,0,,8,,
256,Glaukokernite,Glaukokernit,,,,,0,,0,,0,,6,,
257,Glauconite,Glaukonit,,,,,0,,0,,0,,8,,
258,Glossary,Glosulár,,,,,0,,0,,0,,8,,
259,Gmelinite,Gmelinit,,,,,0,,0,,0,,8,,
260,Goethite,Goethit,,https://cs.wikipedia.org/wiki/Goethit,,,1,5.25,0.25,,0,hnědá až černá,4,α-Fe3+O(OH),
261,Gonnardite,Gonnardit,,,,,0,,0,,0,,8,,
262,Goosecreekite,Goosecreekit,,,,,0,,0,,0,,8,,
263,Gorceixite,Gorceixit,,,,,0,,0,,0,,7,,
264,Goyazit,Goyazit,,,,,0,,0,,0,,7,,
265,Graphite,Grafit,,https://cs.wikipedia.org/wiki/Grafit,,,1,1.5,0.5,,0,černá až šedá,1,C,
266,Graftonite,Graftonit,,,,,0,,0,,0,,7,,
267,Greenockite,Greenockit,,https://cs.wikipedia.org/wiki/Greenockit,,,1,,0,,0,,2,,
268,Grout,Groutit,,,,,0,,0,,0,,4,,
269,Grunerite,Grunerit,,,,,0,,0,,0,,8,,
270,Guerinite,Guerinit,,,,,0,,0,,0,,7,,
271,Gummy,Gummit,,,,,0,,0,,0,,8,,
272,Gyrolite,Gyrolit,,,,,0,,0,,0,,8,,
273,Hagendorfite,Hagendorfit,,,,,0,,0,,0,,7,,
274,Halite,Halit,,https://cs.wikipedia.org/wiki/Halit,,,1,2,0,,0,"bílá, našedlá, narůžovělá,namodralá, fialová aj.",3,NaCl,
275,Halloysite,Halloysit,,,,,0,,0,,0,,8,,
276,Hambergite,Hambergit,,,,,0,,0,,0,,5,,
277,Hannayit,Hannayit,,,,,0,,0,,0,,7,,
278,Hannebachite,Hannebachit,,,,,0,,0,,0,,6,,
279,Harmot,Harmotom,,,,,0,,0,,0,,8,,
280,Hauerit,Hauerit,,,,,0,,0,,0,,2,,
281,Hauyne,Hauyn,https://en.wikipedia.org/wiki/Hauyne,https://cs.wikipedia.org/wiki/Ha%C3%BCyn,,,0,5.75,0.25,,0,"sytě modrá, zřídka žlutá, bílá, šedá, zelená a někdy i červená",8,Na3Ca(Si3Al3)O12(SO4),
282,,nahradit1,,,,,0,,0,,0,,1,,
283,Hedenbergite,Hedenbergit,,,,,0,,0,,0,,8,,
284,Heinrichite,Heinrichit,,,,,0,,0,,0,,7,,
285,Heliodorus,Heliodor,,,,,0,,0,,0,,8,,
286,Heliophyllite,Heliofylit,,,,,0,,0,,0,,4,,
287,Heliolite,Heliolit,,,,,0,,0,,0,,8,,
288,Helvin,Helvín,,,,,0,,0,,0,,8,,
289,Hematite,Hematit,,https://cs.wikipedia.org/wiki/Hematit,,,1,6,0.5,,0,"červená, hnědá,šedá až černá",4,Fe2O3,
290,Hemimorphite,Hemimorfit,,,,,0,,0,,0,,8,,
291,Herderite,Herderit,,,,,0,,0,,0,,7,,
292,Hessian,Hessit,,,,,0,,0,,0,,2,,
293,Heteromorphite,Heteromorfit,,https://cs.wikipedia.org/wiki/Heteromorfit,,,1,,0,,0,,2,,
294,Heterosite,Heterozit,,,,,0,,0,,0,,7,,
295,Heulandite,Heulandit,,,,,0,,0,,0,,8,,
296,Hibonite,Hibonit,,,,,0,,0,,0,,4,,
297,Hidalgoite,Hidalgoit,,,,,0,,0,,0,,6,,
298,Hiddenite,Hiddenit,,,,,0,,0,,0,,8,,
299,Hinsdalite,Hinsdalit,,,,,0,,0,,0,,6,,
300,Hiortdahlite,Hiortdahlit,,,,,0,,0,,0,,8,,
301,Hollandite,Hollandit,,,,,0,,0,,0,,4,,
302,Hope it,Hopeit,,,,,0,,0,,0,,7,,
303,Humite,Humit,,,,,0,,0,,0,,8,,
304,Hummerite,Hummerit,,,,,0,,0,,0,,4,,
305,Hureaulite,Hureaulit,,,,,0,,0,,0,,7,,
306,Hyalite,Hyalit,,https://cs.wikipedia.org/wiki/Hyalit,,,1,5.75,0.75,,0,bezbarvý,4,SiO2·nH2O,
307,Hyalophane,Hyalofán,,,,,0,,0,,0,,8,,
308,Hydroboracite,Hydroboracit,,,,,0,,0,,0,,5,,
309,Hydrozincite,Hydrozinkit,,https://cs.wikipedia.org/wiki/Hydrozinkit,,,1,2.25,0.25,,0,"bílá, šedá, žlutavá, růžová",5,Zn5(CO3)2(OH)6,
310,Hypersthene,Hypersten,,,,,0,,0,,0,,8,,
311,Hühnerkobelit,Hühnerkobelit,,,,,0,,0,,0,,7,,
312,Idocras,Idokras,,,,,0,,0,,0,,8,,
313,Ilmenite,Ilmenit,,https://cs.wikipedia.org/wiki/Ilmenit,,,1,5.5,0.5,,0,černá,4,FeTiO3,
314,Ilvait,Ilvait,,,,,0,,0,,0,,8,,
315,Indigolite,Indigolit,,,,,0,7.25,0.25,,0,"bezbarvá, růžová, červená, zelená, modrá, žlutá, hnědá až černá",8,"Na(Li,Al)3Al6(BO3)3Si6O18(OH)4",
316,Inezit,Inezit,,,,,0,,0,,0,,8,,
317,Inyoit,Inyoit,,,,,0,,0,,0,,4,,
318,Ixiolite,Ixiolit,,,,,0,,0,,0,,4,,
319,Jade,Jadeit,,https://cs.wikipedia.org/wiki/Jadeit,,,1,6.25,0.25,,0,"světle zelená, bílý, šedý, červený",8,(NaCa)(AlMgFe2)(Si2O6),
320,Jakobsit,Jakobsit,,https://cs.wikipedia.org/wiki/Jakobsit,,,1,5.75,0.25,,0,černá,4,"(Mn,Fe,Mg)6+(Fe,Mn)12+2O4",
321,Jamboree,Jamborit,,,,,0,,0,,0,,4,,
322,Jamesonite,Jamesonit,,https://cs.wikipedia.org/wiki/Jamesonit,,,1,2.5,0,,0,olověná,2,Pb4FeSb6S14,
323,Jarlit,Jarlit,,,,,0,,0,,0,,3,,
324,Cheer up,Jarosit,,,,,0,,0,,0,,6,,
325,Jasper,Jaspis,,https://cs.wikipedia.org/wiki/Jaspis,,,1,6.5,0.5,,0,"žlutá, hnědá,červená, zelená",4,SiO2,
326,Jeremejevit,Jeremejevit,,,,,0,,0,,0,,4,,
327,Johannsenite,Johannsenit,,,,,0,,0,,0,,8,,
328,Jordanite,Jordanit,,,,,0,,0,,0,,2,,
329,Cainite,Kainit,,,,,0,,0,,0,,6,,
330,Cocoxen,Kakoxen,,,,,0,,0,,0,,7,,
331,Calcite,Kalcit,,https://cs.wikipedia.org/wiki/Kalcit,,,1,3,0,,0,"čirá, bílá, žlutavá, červená, šedá, hnědá až černá",5,CaCO3,
332,Calomel,Kalomel,,https://cs.wikipedia.org/wiki/Kalomel,,,1,1.5,0.5,,0,"bezbarvý, bílý",3,Hg2Cl2,
333,Kammererit,Kammererit,,,,,0,,0,,0,,8,,
334,Campylite,Kampylit,,,,,0,,0,,0,,7,,
335,Campylite,Kampylit,,,,,0,,0,,0,,7,,
336,Cancrinitis,Kankrinit,,,,,0,,0,,0,,8,,
337,Kaolinite,Kaolinit,,https://cs.wikipedia.org/wiki/Kaolinit,,,1,1.5,0.5,,0,bílý,8,Al2Si2O5(OH)4,
338,Carfolite,Karfolit,,,,,0,,0,,0,,8,,
339,Cornelian,Karneol,,,,,0,6.5,0,,0,oranžovo-červená až hnědá,4,SiO2,
340,Cassiterite,Kasiterit,,https://cs.wikipedia.org/wiki/Kasiterit,,,1,6.5,0.5,,0,"hnědočerná, šedá, žlutá",4,SnO2,
341,Keckit,Keckit,,,,,0,,0,,0,,7,,
342,Kermesite,Kermezit,,,,,0,,0,,0,,2,,
343,Kernit,Kernit,,,,,0,,0,,0,,5,,
344,Kidwellite,Kidwellit,,,,,0,,0,,0,,7,,
345,Kieserite,Kieserit,,,,,0,,0,,0,,6,,
346,Klebelsbergite,Klebelsbergit,,,,,0,,0,,0,,6,,
347,Clinochlor,Klinochlor,,,,,0,,0,,0,,8,,
348,Clinohumite,Klinohumit,,,,,0,,0,,0,,8,,
349,Clinoclase,Klinoklas,,,,,0,,0,,0,,7,,
350,Clinozoisite,Klinozoisit,,,,,0,6.5,0,,0,"bezbarvý, zelená, žlutá, modrá, fialová, červená, růžová",8,Ca2Al3Si3O12(OH),
351,Cobaltium,Kobaltin,,https://cs.wikipedia.org/wiki/Kobaltin,,,1,5.5,0,,0,stříbrobílá ...,2,CoAsS,
352,Konichalcite,Konichalcit,,,,,0,,0,,0,,7,,
353,Corundum,Korund,,https://cs.wikipedia.org/wiki/Korund,,,1,9,0,,0,"bezbarvý, šedá, modrá,červená...",4,Al2O3,
354,Koshsholong,Košolong,,,,,0,,0,,0,,4,,
355,Krennereit,Krennereit,,,,,0,,0,,0,,2,"(Au,Ag)Te2",
356,Crocodile,Krokoit,,https://cs.wikipedia.org/wiki/Krokoit,,,1,2.75,0.25,,0,"červená, oranžová, žlutá",6,PbCrO4,
357,Crocidolite,Krokydolit,,,,,0,,0,,0,,8,,
358,Crocidolite,Krokydolit,,,,,0,,0,,0,,8,,
359,Cryolite,Kryolit,,,,,0,2.75,0.25,,0,"bílá, šedá, načervenalá...",3,Na3[AlF6],
360,Kröhnkit,Kröhnkit,,,,,0,,0,,0,,6,,
361,Ktenasit,Ktenasit,,,,,0,,0,,0,,6,,
362,Kunzite,Kunzit,,,,,0,,0,,0,,8,,
363,Cuprite,Kuprit,,https://cs.wikipedia.org/wiki/Kuprit,,,1,3.75,0.25,,0,"hnědočervená, červená...",4,Cu2O,
364,Kuprosklodowskite,Kuprosklodowskit,,,,,0,,0,,0,,8,,
365,Kutnahorite,Kutnahorit,,,,,0,,0,,0,,5,,
366,Kyanite,Kyanit,,,,,0,"5,5–7",0,,0,"modrá, bílá...",8,Al2SiO5,
367,Cyanotrichite,Kyanotrichit,,,,,0,,0,,0,,6,,
368,Cylindrite,Kylindrit,,,,,0,,0,,0,,2,,
369,Köttigit,Köttigit,,,,,0,,0,,0,,7,,
370,Quartz,Křemen,,https://cs.wikipedia.org/wiki/K%C5%99emen,,,1,7,0,,0,rozmanitá,4,SiO2,
371,Crystal,Křišťál,,https://cs.wikipedia.org/wiki/K%C5%99i%C5%A1%C5%A5%C3%A1l,křehký,,1,7,0,,0,"bezbarvý, mírně zakalený, někdy s vrostlicemi",4,SiO2,
372,Labradorite,Labradorit,,https://cs.wikipedia.org/wiki/Labradorit,,,1,,0,,0,,8,,
373,Langbanite,Langbanit,,,,,0,,0,,0,,8,,
374,Langit,Langit,,,,,0,,0,,0,,6,,
375,Larderellit,Larderellit,,,,,0,,0,,0,,4,,
376,Latiumite,Latiumit,,,,,0,,0,,0,,8,,
377,Latiumite,Latiumit,,,,,0,,0,,0,,8,,
378,Laubmannite,Laubmannit,,,,,0,,0,,0,,7,,
379,Laueit,Laueit,,,,,0,,0,,0,,7,,
380,Laumontite,Laumontit,,,,,0,,0,,0,,8,,
381,Laurionite,Laurionit,,,,,0,,0,,0,,3,,
382,Lavenit,Lavenit,,,,,0,,0,,0,,8,,
383,Lazulite,Lazulit,,,,,0,5.25,0.25,,0,temně modrá až nazelenale modrá,7,"Na6Ca2Al6Si6O24[(SO4),S,Cl,(OH)]2",
384,Lapis lazuli,Lazurit,,https://cs.wikipedia.org/wiki/Lazurit,,,1,,0,,0,,8,,
385,Leadhillite,Leadhillit,,,,,0,,0,,0,,5,,
386,Lechatelierite,Lechatelierit,,,,,0,,0,,0,,4,,
387,Legrandite,Legrandit,,,,,0,,0,,0,,7,,
388,Leiteite,Leiteit,,,,,0,,0,,0,,7,,
389,Lengenbachite,Lengenbachit,,,,,0,,0,,0,,2,,
390,Lepidocrocite,Lepidokrokit,,https://cs.wikipedia.org/wiki/Lepidokrokit,,,1,,0,,0,,4,,
391,Lepidolite,Lepidolit,,,,,0,"2,5-4",0,,0,"Fialová, růžová, zelená",8,"KLi2Al[(OH,F)2Si4O10]",
392,Lettsomite,Lettsomit,,,,,0,,0,,0,,6,,
393,Leucite,Leucit,,,,,0,,0,,0,,8,,
394,Leukophosphite,Leukofosfit,,,,,0,,0,,0,,7,,
395,Leucopyrite,Leukopyrit,,,,,0,,0,,0,,2,FeAs2,
396,Levin,Levyn,,,,,0,,0,,0,,8,,
397,Libethenite,Libethenit,,,,,0,4,0,,0,tmavě až olivově zelený,7,Cu2(PO4)(OH),
398,Liddicoatite,Liddicoatit,,,,,0,,0,,0,,8,,
399,Limonite,Limonit,,,,,0,"4–5,5 (záleží na obsahu vody)",0,,0,hnědý až černý,4,Fe2O3·nH2O,
400,Linarite,Linarit,,,,,0,,0,,0,,6,,
401,Linnaeus,Linneit,,,,,0,,0,,0,,2,,
402,Liroconite,Lirokonit,,,,,0,,0,,0,,7,,
403,Liskeardite,Liskeardit,,,,,0,,0,,0,,7,,
404,Lorenzenite,Lorenzenit,,,,,0,,0,,0,,8,,
405,Ludlamite,Ludlamit,,,,,0,,0,,0,,7,,
406,Ludwigite,Ludwigit,,,,,0,,0,,0,,5,,
407,Löllingit,Löllingit,,,,,0,,0,,0,,2,FeAs2,
408,Magnetite,Magnetit,,https://cs.wikipedia.org/wiki/Magnetit,,,1,,0,,0,,4,,
409,Magnesite,Magnezit,,https://cs.wikipedia.org/wiki/Magnezit,,,1,4.25,0.25,,0,"bílá, šedá, žlutá, hnědá, černá",5,MgCO3,
410,Malachite,Malachit,,,,,0,,0,,0,,5,,
411,Manasseh,Manasseit,,,,,0,,0,,0,,5,,
412,Manganite,Manganit,,https://cs.wikipedia.org/wiki/Manganit,,,1,,0,,0,,4,,
413,Margarita,Margarit,,,,,0,,0,,0,,8,,
414,Marialite,Marialit,,,,,0,,0,,0,,8,,
415,Marcasite,Markazit,,https://cs.wikipedia.org/wiki/Markazit,,,1,6.25,0.25,,0,bledě žlutá,2,FeS2,
416,Talc,Mastek,,https://cs.wikipedia.org/wiki/Mastek,,,1,,0,,0,,8,,
417,Matlockite,Matlockit,,https://cs.wikipedia.org/wiki/Matlockit,,,1,2.75,0.25,,0,"bezbarvý, nažloutlý, nazelenalý",3,PbFCl,
418,Maucherite,Maucherit,,,,,0,,0,,0,,2,,
419,McGovernite,Mcgovernit,,,,,0,,0,,0,,8,,
420,Megonite,Mejonit,,,,,0,,0,,0,,8,,
421,Melanitis,Melanit,,,,,0,6.75,0.25,,0,"bezbarvý, zelený, černý...",8,Ca3Fe23+(SiO4)3,
422,Melanophlogite,Melanoflogit,,,,,0,,0,,0,,4,,
423,Melanteritis,Melanterit,,https://cs.wikipedia.org/wiki/Melanterit,,,1,2,0,,0,"zelená, žlutozelená",6,FeSO4·7(H2O),
424,Melilitis,Melilit,,,,,0,,0,,0,,8,,
425,Melita,Melit,,,,,0,,0,,0,,4,,
426,Mendipit,Mendipit,,,,,0,,0,,0,,4,,
427,Mesolithic,Mezolit,,,,,0,,0,,0,,8,,
428,Miargyrite,Miargyrit,,,,,0,,0,,0,,2,,
429,Miemit,Miemit,,,,,0,,0,,0,,5,,
430,Microcline,Mikroklin,,,0.015,,0,,0,,2.555,,8,K(AlSi3O8),
431,Microlith,Mikrolit,,,,,0,,0,,0,,4,,
432,Milarite,Milarit,,,,,0,,0,,0,,8,,
433,Millerite,Millerit,,,,,0,,0,,0,,2,NiS,
434,Mimetesite,Mimetezit,,,,,0,,0,,0,,7,,
435,Mini,Minium,,,,,0,2.5,0,,0,,4,Pb3O4,
436,Mirabilit,Mirabilit,,https://cs.wikipedia.org/wiki/Mirabilit,,,1,,0,,0,,6,,
437,Mithridate,Mitridatit,,,,,0,,0,,0,,7,,
438,Mix it up,Mixit,,,,,0,,0,,0,,7,,
439,Molybdenite,Molybdenit,,https://cs.wikipedia.org/wiki/Molybdenit,,,1,1.25,0.25,,0,"černý, olověně šedý, šedý",2,MoS2,
440,Monazite,Monazit,,https://cs.wikipedia.org/wiki/Monazit-(Ce),,,1,,0,,0,,7,,
441,Montmorillonite,Montmorillonit,,,,,0,,0,,0,,8,,
442,Mordenit,Mordenit,,,,,0,,0,,0,,8,,
443,Morganite,Morganit,,https://cs.wikipedia.org/wiki/Morganit,,,1,7.75,0.25,,0,variuje od růžové po purpurovo-růžovou,8,Be3Al2(SiO3)6,
444,Moroxide,Moroxit,,,,,0,,0,,0,,7,,
445,Mottramite,Mottramit,,,,,0,,0,,0,,7,,
446,Mullite,Mullit,,,,,0,,0,,0,,8,,
447,Muscovite,Muskovit,,https://cs.wikipedia.org/wiki/Muskovit,,,1,,0,,0,,8,,
448,Marigold,Měsíček,,,,,0,,0,,0,,8,,
449,Copper,Měď,,https://cs.wikipedia.org/wiki/M%C4%9B%C4%8F_(miner%C3%A1l),,,1,3,0,,0,,1,Cu,
450,To swell,Nadorit,,,,,0,,0,,0,,3,,
451,Nagyagit,Nagyagit,,,,,0,,0,,0,,2,,
452,Covered,Nakrit,,,,,0,,0,,0,,8,,
453,Namibian,Namibit,,,,,0,,0,,0,,7,,
454,A trinity,Natrojarosit,,,,,0,,0,,0,,6,,
455,To troll,Natrolit,,,,,0,5.25,0.25,,0,"Bez barvy, bílá, červenavá, žlutavá",8,Na2[Al2Si3O10]•2H2O,
456,Nealite,Nealit,,,,,0,,0,,0,,3,,
457,Nepheline,Nefelín,,https://cs.wikipedia.org/w/index.php?title=Kategorie:Miner%C3%A1ly&pagefrom=Nefel%C3%ADn#mw-pages,,,1,5.75,0.25,,0,"bezbarvý,šedý,bílý",8,(NaK)AlSiO4,
458,Nephrite,Nefrit,,https://cs.wikipedia.org/wiki/Nefrit,,,1,,0,,0,,8,,
459,Do not paint,Nemalit,,,,,0,,0,,0,,4,,
460,Neptunite,Neptunit,,,,,0,,0,,0,,8,,
461,Newberyite,Newberyit,,,,,0,,0,,0,,7,,
462,Nickeline,Nikelín,,,,,0,,0,,0,,2,,
463,Nickel,Nikl,,,,,0,4,0,,0,,1,Ni,
464,Niobite,Niobit,,,,,0,,0,,0,,4,,
465,Nissonite,Nissonit,,,,,0,,0,,0,,7,,
466,Nitronitrite,Nitronatrit,,https://cs.wikipedia.org/wiki/Nitronatrit,,,1,1.75,0.25,,0,"bezbarvý, bílá...",5,NaNO3,
467,Nontronite,Nontronit,,,,,0,,0,,0,,8,,
468,Nosean,Nosean,,,,,0,,0,,0,,8,,
469,Newbie,Nováčekit,,,,,0,,0,,0,,7,,
470,Nussierite,Nussierit,,,,,0,,0,,0,,7,,
471,Ojuleait,Ojuleait,,,,,0,,0,,0,,7,,
472,Okenite,Okenit,,,,,0,,0,,0,,8,,
473,Oligoclase,Oligoklas,,,,,0,,0,,0,,8,,
474,Olivenite,Olivenit,,https://cs.wikipedia.org/wiki/Olivenit,,,1,3.5,0.5,,0,"tmavě zelená, olivově zelená, žlutohnědá až hnědá",7,Cu22+(AsO4)(OH),
475,Olivine,Olivín,https://en.wikipedia.org/wiki/Olivine,https://cs.wikipedia.org/wiki/Oliv%C3%ADn,,,1,6.75,0.25,,0,"žlutozelená až olivově zelená, červenohnědá",8,"(Mg,Fe)2[SiO4]",
476,Onyx,Onyx,,https://en.wikipedia.org/wiki/Onyx,,,1,7,0,,0,černobílé proužkování,4,SiO2,
477,Opal,Opál,,,,,0,6,0.5,,0,"bezbarvý, mléčně bílý, žlutavý, oranžově červený, zelený",4,SiO2·nH2O,
478,Orthoclase,Ortoklas,,,,,0,6,0,,0,"světle žlutobílý, nahnědlý",8,KAlSi3O8,
479,Osumilite,Osumilit,,,,,0,,0,,0,,8,,
480,Otavit,Otavit,,,,,0,,0,,0,,5,,
481,Pachnolite,Pachnolit,,,,,0,,0,,0,,3,,
482,Palygorskite,Palygorskit,,,,,0,,0,,0,,8,,
483,Paradamine,Paradamin,,,,,0,,0,,0,,7,,
484,Parahopeite,Parahopeit,,,,,0,,0,,0,,7,,
485,Paralaurionite,Paralaurionit,,,,,0,,0,,0,,4,,
486,Parasymplesitis,Parasymplezit,,,,,0,,0,,0,,7,,
487,Paravauxite,Paravauxit,,,,,0,,0,,0,,7,,
488,Parsonite,Parsonit,,,,,0,,0,,0,,7,,
489,Pearceite,Pearceit,,,,,0,,0,,0,,2,,
490,Pectolite,Pektolit,,https://cs.wikipedia.org/wiki/Pektolit,,,1,5,0,,0,"bílá, narůžovělá, šedavá",8,NaCa2H(Si3O9),
491,Pelosidrite,Pelosiderit,,,,,0,,0,,0,,5,,
492,Penfieldite,Penfieldit,,,,,0,,0,,0,,4,,
493,Pentlandite,Pentlandit,,,,,0,,0,,0,,2,,
494,Peridot,Peridot,,,,,0,,0,,0,,8,,
495,Pericles,Periklas,,,,,0,,0,,0,,4,,
496,Perovskite,Perovskit,,https://cs.wikipedia.org/wiki/Perovskit,,,1,5.5,0,,0,"žlutá, červenohnědá až černá",4,CaTiO3,
497,Petalite,Petalit,,,,,0,,0,,0,,8,,
498,Phillipsite,Phillipsit,,,,,0,,0,,0,,8,,
499,Piedmontite,Piemontit,,,,,0,,0,,0,,8,,
500,Picropharmacolith,Pikrofarmakolit,,,,,0,,0,,0,,7,,
501,Picrosmin,Pikrosmin,,,,,0,,0,,0,,8,,
502,Pinakiolite,Pinakiolit,,,,,0,,0,,0,,4,,
503,Pistachio,Pistacit,,,,,0,,0,,0,,8,,
504,Plagionite,Plagionit,,,,,0,,0,,0,,2,,
505,Plasma,Plasma,,,,,0,,0,,0,,4,,
506,Platinum,Platina,,,,,0,4.25,0.25,,0,,1,Pt,
507,Plyhalite,Plyhalit,,,,,0,,0,,0,,6,,
508,Polyanite,Polianit,,,,,0,,0,,0,,4,,
509,Pollute,Polucit,,,,,0,,0,,0,,8,,
510,Polybasite,Polybazit,,,,,0,,0,,0,,2,,
511,Polymignite,Polymignit,,,,,0,,0,,0,,4,,
512,Polyspherite,Polysferit,,,,,0,,0,,0,,7,,
513,Posnjakite,Posnjakit,,,,,0,,0,,0,,6,,
514,Powellite,Powellit,,,,,0,,0,,0,,4,,
515,Prehnite,Prehnit,,,,,0,,0,,0,,8,,
516,Proustite,Proustit,,,,,0,,0,,0,,2,,
517,Pseudoboleite,Pseudoboleit,,,,,0,,0,,0,,4,,
518,Pseudobrookite,Pseudobrookit,,,,,0,,0,,0,,4,,
519,Pseudomalachite,Pseudomalachit,,,,,0,,0,,0,,7,,
520,Psilomelane,Psilomelan,,,,,0,,0,,0,,4,,
521,Blistering,Pucherit,,,,,0,,0,,0,,7,,
522,Pumpellyite,Pumpellyit,,,,,0,,0,,0,,8,,
523,Piknit,Pyknit,,,,,0,,0,,0,,8,,
524,Pyrargyrite,Pyrargyrit,,,,,0,,0,,0,,2,,
525,Pyrrhotin,Pyrhotin,,https://cs.wikipedia.org/wiki/Nefrit,,,1,3.75,0.25,,0,"žlutohnědá, bronzová",2,"Fe(1-x)S (kde x=0-0,17)",
526,Pyrite,Pyrit,,,,,0,6.25,0.25,,0,mosazně žlutá,2,FeS2,
527,Pyrochlor,Pyrochlor,,,,,0,,0,,0,,4,,
528,Pyrophyllite,Pyrofylit,,,,,0,1.75,0.25,,0,"hnědozeleným, hnědožlutý, šedý",8,Al2Si4O10(OH)2,
529,Pyrolusite,Pyroluzit,,https://cs.wikipedia.org/wiki/Pyroluzit,,,1,6.25,0.25,,0,ocelově šedá až černá,4,MnO2,
530,Pyromorphite,Pyromorfit,,https://cs.wikipedia.org/wiki/Pyromorfit,,,1,3.75,0.25,,0,"trávově zelená, zelená, žlutá, žlutohnědá, žlutooranžová, hnědá, našedlá, může být i bezbarvý",7,Pb5(PO4)3Cl,
531,Pyrop,Pyrop,,https://cs.wikipedia.org/wiki/Pyrop,,,1,7.25,0.25,,0,temné odstíny červené,8,Mg3Al2[SiO4]3,
532,Pyrosmalite,Pyrosmalit,,,,,0,,0,,0,,8,,
533,Pyrostilpnite,Pyrostilpnit,,,,,0,,0,,0,,2,,
534,Rose quartz,Růženín,,,,,0,,0,,0,,4,,
535,Ralstonite,Ralstonit,,,,,0,,0,,0,,4,,
536,Rammelsbergite,Rammelsbergit,,,,,0,,0,,0,,2,,
537,Raspite,Raspit,,,,,0,,0,,0,,6,,
538,Rauenthalite,Rauenthalit,,,,,0,,0,,0,,7,,
539,Realgar,Realgar,,https://cs.wikipedia.org/wiki/Realgar,,,1,1.75,0.25,,0,oranžově červená,2,As4S4,
540,Rhaeticite,Rhaeticit,,,,,0,,0,,0,,8,,
541,Rhodesite,Rhodezit,,,,,0,,0,,0,,8,,
542,Richterite,Richterit,,,,,0,,0,,0,,8,,
543,Riebeckite,Riebeckit,,,,,0,,0,,0,,8,,
544,Ripidolite,Ripidolit,,,,,0,,0,,0,,8,,
545,Rockbridgeite,Rockbridgeit,,,,,0,,0,,0,,7,,
546,Rhodochrosite,Rodochrozit,,https://cs.wikipedia.org/wiki/Rodochrozit,,,1,3.75,0.25,,0,"růžový, červený, třešňově červený, žlutý, žlutošedý, šedý, skořicově hnědý, může být pruhovaný",5,MnCO3,
547,Rhodonite,Rodonit,,https://cs.wikipedia.org/wiki/Rodonit,,,1,6,0.5,,0,"růžová, červená, červenohnědá",8,"(Mn,Ca)SiO3",
548,Roedderit,Roedderit,,,,,0,,0,,0,,8,,
549,Romanechite,Romanechit,,,,,0,,0,,0,,4,,
550,To dew,Rosasit,,,,,0,,0,,0,,5,,
551,Roselit,Roselit,,,,,0,,0,,0,,7,,
552,Mercury,Rtuť,,https://cs.wikipedia.org/wiki/Rtu%C5%A5_(miner%C3%A1l),,,1,,0,,0,,1,Hg,
553,Rubella,Rubelan,,,,,0,,0,,0,,8,,
554,Rubellite,Rubelit,,,,,0,7.25,0.25,,0,"bezbarvá, růžová, červená, zelená, modrá, žlutá, hnědá až černá",8,"Na(Li,Al)3Al6(BO3)3Si6O18(OH)4",
555,Ruby,Rubín,,https://cs.wikipedia.org/wiki/Rub%C3%ADn,,,1,9,0,,0,červený,4,Al2O3,
556,Rutile,Rutil,,https://cs.wikipedia.org/wiki/Rutil,,,1,6.25,0.25,,0,"žlutá, červená až černá",4,TiO2,
557,Safflowerite,Saflorit,,,,,0,,0,,0,,2,,
558,Sapphire,Safír,,https://cs.wikipedia.org/wiki/Saf%C3%ADr,,,1,9,0,,0,"modrý, oranžový, růžový, žlutý, zelený,bílý nebo mnohobarevný",4,Al2O3,
559,Sagenite,Sagenit,,,,,0,,0,,0,,4,,
560,A Sainfeldite,Sainfeldit,,,,,0,,0,,0,,7,,
561,Salmiak,Salmiak,,https://cs.wikipedia.org/wiki/Salmiak_(miner%C3%A1l),,,1,,0,,0,,3,Vzorec,
562,Saléeit,Saléeit,,,,,0,,0,,0,,7,,
563,Samarski,Samarskit,,,,,0,,0,,0,,4,,
564,Velvet,Sametka,,,,,0,,0,,0,,4,,
565,Saneroit,Saneroit,,,,,0,,0,,0,,8,,
566,Sanidine,Sanidin,,https://cs.wikipedia.org/wiki/Sanidin,,,1,6,0,,0,"bezbarvý, bílý, šedý ...",8,KAlSi3O8,
567,Saponite,Saponit,,,,,0,,0,,0,,8,,
568,Sarabauit,Sarabauit,,,,,0,,0,,0,,2,,
569,Scheelite,Scheelit,,https://cs.wikipedia.org/wiki/Scheelit,,,1,4.75,0.25,,0,"bílá, žlutá, hnědá, oranžová, červená, zelenavá",6,CaWO4,
570,Schneiderhöhnit,Schneiderhöhnit,,,,,0,,0,,0,,4,,
571,Schrockingerite,Schroeckingerit,,,,,0,,0,,0,,5,,
572,Schulenbergite,Schulenbergit,,,,,0,,0,,0,,5,,
573,Schwazit,Schwazit,,,,,0,,0,,0,,2,,
574,Celadonite,Seladonit,,,,,0,,0,,0,,8,,
575,Selenite,Selenit,,,,,0,1.75,0.25,,0,"bezbarvý, podle příměsí",6,CaSO4•2H2O,
576,Seligmannite,Seligmannit,,,,,0,,0,,0,,2,,
577,Sellit,Sellait,,https://cs.wikipedia.org/wiki/Sellait,,,1,,0,,0,,3,,
578,Semseyit,Semseyit,,,,,0,,0,,0,,2,,
579,Senarmontite,Senarmontit,,,,,0,,0,,0,,4,,
580,Sepiolite,Sepiolit,,https://cs.wikipedia.org/wiki/Sepiolit,,,1,2.25,0.25,,0,"bílá, žlutavá,...",8,Mg4Si6O15(OH)2•6 H2O,
581,Serpierite,Serpierit,,,,,0,,0,,0,,6,,
582,Sphalerite,Sfalerit,,https://cs.wikipedia.org/wiki/Sfalerit,,,1,3.75,0.25,,0,"bílá, žlutá, červená, černá a další",2,ZnS,
583,Shorty,Shortit,,,,,0,,0,,0,,5,,
584,Siderite,Siderit,,,,,0,4.25,0.25,,0,"žlutohnědá, hnědočernášedá",5,FeCO3,
585,Sideronatrite,Sideronatrit,,,,,0,,0,,0,,6,,
586,Siegenite,Siegenit,,,,,0,,0,,0,,2,,
587,Sillimanite,Sillimanit,,https://cs.wikipedia.org/wiki/Sillimanit,,,1,7,0,,0,"bezbarvý, bílá, šedá...",8,Al2SiO5,
588,Scapolite,Skapolit,,,,,0,,0,,0,,8,,
589,Scolecite,Skolecit,,,,,0,,0,,0,,8,,
590,To corrode,Skorodit,,,,,0,,0,,0,,7,,
591,Skoryl,Skoryl,,https://cs.wikipedia.org/wiki/Skoryl,,,1,7.25,0.25,,0,černá,8,NaFe2+3Al6(BO3)3Si6O18(OH)4,
592,Skutterudite,Skutterudit,,,,,0,,0,,0,,2,CoAs3,
593,Enamel,Smaltin,,,,,0,,0,,0,,2,,
594,Smithsonite,Smithsonit,,,,,0,5,0,,0,"bílá, šedá, žlutá, zelená,...",5,ZnCO3,
595,Sodalite,Sodalit,,https://cs.wikipedia.org/wiki/Sodalit,,,1,5.75,0.25,,0,"modrý, modrošedý, šedý, fialový, růžový, bílý, nažloutlý, nazelenalý",8,Na8(Al6Si6O24)Cl2,
596,Soddyite,Soddyit,,,,,0,,0,,0,,8,,
597,Spangolite,Spangolit,,,,,0,,0,,0,,3,,
598,Specularity,Spekularit,,,,,0,6,0,,0,"červená, hnědá,šedá až černá",4,Fe2O3,
599,Spessartine,Spessartin,,https://cs.wikipedia.org/wiki/Spessartin,,,1,7.25,0.25,,0,oranžová až hnědočervená,8,Mn3Al2(SiO4)3,
600,Spinel,Spinel,,https://cs.wikipedia.org/wiki/Spinel,,,1,8,0,,0,"bezbarvý, žlutá, zelená,...",4,MgAl2O4,
601,Spodumene,Spodumen,,,,,0,,0,,0,,8,,
602,Srüverit,Srüverit,,,,,0,,0,,0,,4,,
603,Stanin,Stanin,,,,,0,,0,,0,,2,,
604,Staurolite,Staurolit,,https://cs.wikipedia.org/wiki/Staurolit,,,1,7.25,0.25,,0,červenohnědý až černohnědý,8,"(Fe,Mg,Zn)2(Al,Fe)9(Si,Al)4O22(O,OH)2",
605,Stephanite,Stefanit,,,,,0,,0,,0,,2,,
606,Stewartite,Stewartit,,,,,0,,0,,0,,7,,
607,Stibiconite,Stibikonit,,,,,0,,0,,0,,4,,
608,Stilbite,Stilbit,,,,,0,,0,,0,,8,,
609,Stilpnomelan,Stilpnomelan,,,,,0,,0,,0,,8,,
610,To be proud,Stolzit,,,,,0,,0,,0,,6,,
611,Strontianite,Strontianit,,,,,0,,0,,0,,5,,
612,Strunzite,Strunzit,,,,,0,,0,,0,,7,,
613,Struvit,Struvit,,,,,0,,0,,0,,7,,
614,Silver,Stříbro,,https://cs.wikipedia.org/wiki/St%C5%99%C3%ADbro_(miner%C3%A1l),,,1,2.5,0,,0,,1,Ag,
615,Switzerite,Switzerit,,,,,0,,0,,0,,7,,
616,Sylvanite,Sylvanit,,,,,0,1.25,0.25,,0,,2,AgAuTe4,
617,Sylvit,Sylvit,,,,,0,2,0,,0,"bílá, nažloutlá, šedá,načervenalá, namodralá",3,KCl,
618,Synchisite,Synchisit,,,,,0,,0,,0,,5,,
619,,nahradit2,,,,,0,,0,,0,,1,,
620,Sulfur,Síra,,https://cs.wikipedia.org/wiki/S%C3%ADra_(miner%C3%A1l),,,1,2,0,,0,,1,S,
621,Sörensenit,Sörensenit,,,,,0,,0,,0,,8,,
622,Talmessite,Talmessit,,,,,0,,0,,0,,7,,
623,Tantalite,Tantalit,,,,,0,,0,,0,,4,,
624,Tarbuttite,Tarbuttit,,,,,0,,0,,0,,7,,
625,Tarnovicit,Tarnovicit,,,,,0,,0,,0,,5,,
626,Thaumasite,Taumasit,,,,,0,,0,,0,,8,,
627,Tellurium,Telur,,,,,0,2.25,0,,0,,1,Te,
628,Tennantite,Tennantit,,,,,0,,0,,0,,2,,
629,Tenorite,Tenorit,,https://cs.wikipedia.org/wiki/Tenorit,,,1,3.75,0.25,,0,"černý, ocelově šedý",4,CuO,
630,Tetradymite,Tetradymit,,,,,0,,0,,0,,2,,
631,Tetrahedrite,Tetraedrit,,,,,0,,0,,0,,2,,
632,Thaumasite,Thaumasit,,,,,0,,0,,0,,8,,
633,Thenardite,Thenardit,,,,,0,,0,,0,,6,,
634,Thomsenolite,Thomsenolit,,,,,0,,0,,0,,3,,
635,Thomsonite,Thomsonit,,,,,0,,0,,0,,8,,
636,Thorianite,Thorianit,,,,,0,,0,,0,,4,,
637,Thorianite,Thorianit,,,,,0,,0,,0,,4,,
638,Thorite,Thorit,,,,,0,,0,,0,,8,,
639,Thortveitit,Thortveitit,,,,,0,,0,,0,,8,,
640,Thuringite,Thuringit,,,,,0,,0,,0,,8,,
641,Tyrolite,Tirolit,,,,,0,1.75,0.25,,0,"tyrkysově modrá, modrozelená",7,Ca2Cu9(AsO4)4(CO3)(OH)8·11H2O,
642,Titanite,Titanit,,https://cs.wikipedia.org/wiki/Titanit,,,1,5.25,0.25,,0,"bílá, žlutá, hnědá, …",8,CaTiSiO5,
643,Topaz,Topaz,,https://cs.wikipedia.org/wiki/Topaz,,,1,8,0,,0,"čirý, vínově žlutý, medový, růžový, nahnědlý, namodralý",8,"Al2SiO4.(F,OH)2",
644,Torbernite,Torbernit,,,,,0,,0,,0,zelená,7,Cu(UO2)2(PO4)2·8−12H2O.,
645,Tremolite,Tremolit,,https://cs.wikipedia.org/wiki/Tremolit,,,1,,0,,0,,8,,
646,Tridymite,Tridymit,,,,,0,,0,,0,,4,,
647,Triphylline,Trifylín,,,,,0,,0,,0,,7,,
648,Triplet,Triplit,,https://cs.wikipedia.org/wiki/Triplit,,,1,5.25,0.25,,0,"hnědá, červená, černá",7,"(Mn2+,Fe2+,Mg,Ca)2(PO4)(F,OH)",
649,The throne,Trona,,https://cs.wikipedia.org/wiki/Trona,,,1,"2,5",0,,0,"bílá, nažloutlá, šedá",5,Na2CO3·NaHCO3·2H2O,
650,Troostit,Troostit,,,,,0,,0,,0,,8,,
651,Trögerit,Trögerit,,,,,0,,0,,0,,7,,
652,Tsilaisit,Tsilaisit,,,,,0,,0,,0,,8,,
653,Tsumcorit,Tsumcorit,,,,,0,,0,,0,,7,,
654,Tungsten,Tungstit,,,,,0,,0,,0,,4,,
655,Tunisian,Tunisit,,,,,0,,0,,0,,5,,
656,Tourmaline,Turmalín,,https://cs.wikipedia.org/wiki/Turmal%C3%ADn,,,1,7.25,0.25,,0,různá podle odrůd,8,proměnlivý,
657,Tuscanite,Tuscanit,,,,,0,,0,,0,,8,,
658,Turquoise,Tyrkys,,https://cs.wikipedia.org/wiki/Tyrkys,,,1,5.5,0.5,,0,"tyrkysově modrá, modrozelená",7,CuAl6(PO4)4(OH)8.4H2O,
659,Ulexit,Ulexit,,https://cs.wikipedia.org/wiki/Ulexit,,,1,2.5,0,,0,bezbarvý až bílý,5,NaCaB5O6(OH)6·5H2O,
660,Ullmannite,Ullmannit,,,,,0,,0,,0,,2,NiSbS,
661,Uraninite,Uraninit,,https://cs.wikipedia.org/wiki/Uraninit,,,1,5.5,0.5,,0,černá,4,UO2,
662,Uranocircite,Uranocircit,,,,,0,,0,,0,,7,,
663,Uranophan,Uranofán,,,,,0,,0,,0,,8,,
664,To cook,Uvarovit,,https://cs.wikipedia.org/wiki/Uvarovit,,,1,6.75,0.25,,0,temně smaragdově zelená,8,Ca3Cr2Si3O12,
665,Uvit,Uvit,,,,,0,,0,,0,,8,,
666,Uvit,Uvit,,,,,0,,0,,0,,8,,
667,Valkhovit,Valchovit,,,,,0,,0,,0,,4,,
668,Valentinite,Valentinit,,,,,0,,0,,0,,4,,
669,Vanadinite,Vanadinit,,,,,0,,0,,0,,7,,
670,Variscite,Variscit,,,,,0,,0,,0,,7,,
671,Vauxite,Vauxit,,,,,0,,0,,0,,7,,
672,To pay,Verdelit,,,,,0,7.25,0.25,,0,"bezbarvá, růžová, červená, zelená, modrá, žlutá, hnědá až černá",8,"Na(Li,Al)3Al6(BO3)3Si6O18(OH)4",
673,Vermiculite,Vermikulit,,https://cs.wikipedia.org/wiki/Vermikulit,,,1,1.5,0,,0,"žlutohnědá, zelenohnědá",8,"(Mg,Fe,Al)3(Al,Si)4O10(OH)2·4(H2O)",
674,Vesuvian,Vesuvian,,,,,0,,0,,0,,8,,
675,Viljuit,Viljujit,,,,,0,,0,,0,,8,,
676,Viola,Violan,,,,,0,6,0.5,,0,"světle až tmavě zelená, někdy nažloutlá až bezbarvá",8,MgCaSi2O6,
677,Vivianite,Vivianit,,https://cs.wikipedia.org/wiki/Vivianit,,,1,1.75,0.25,,0,"bezbarvý, časem se mění",7,Fe3(PO4)2·8(H2O),
678,Vladimirite,Vladimirit,,,,,0,,0,,0,,7,,
679,Volborthite,Volborthit,,,,,0,,0,,0,,7,,
680,A hot spring,Vřídlovec,,,,,0,,0,,0,,5,,
681,Wad,Wad,,,,,0,,0,,0,,4,,
682,Wagnerite,Wagnerit,,,,,0,,0,,0,,7,,
683,Wakabayshilite,Wakabajšilit,,,,,0,,0,,0,,2,,
684,Walpurgin,Walpurgin,,,,,0,,0,,0,,7,,
685,Wardite,Wardit,,,,,0,,0,,0,,7,,
686,Warwickite,Warwickit,,,,,0,,0,,0,,5,,
687,Wavellite,Wavellit,,https://cs.wikipedia.org/wiki/Wavellit,,,1,3.75,0.25,,0,světle žlutá až zelená,7,"Al3(PO4)2(OH,F)3 · 5H2O",
688,Weinschenkit,Weinschenkit,,,,,0,,0,,0,,7,,
689,Weloganite,Weloganit,,,,,0,,0,,0,,4,,
690,Whewellite,Whewellit,,,,,0,,0,,0,,5,,
691,Whiteit,Whiteit,,,,,0,,0,,0,,7,,
692,Whitlockite,Whitlockit,,,,,0,,0,,0,,7,,
693,Willemit,Willemit,,https://cs.wikipedia.org/wiki/Willemit,,,1,5.5,0,,0,"bílá, nažloutlá, šedá ...",8,Zn2[SiO4],
694,Witherit,Witherit,,,,,0,,0,,0,,5,,
695,Wolfite,Wolfeit,,,,,0,,0,,0,,7,,
696,Wolframite,Wolframit,,https://cs.wikipedia.org/wiki/Wolframit,,,1,4.5,0,,0,"černá, tmavohnědá",6,"(Fe,Mn)WO4",
697,Wollastonite,Wollastonit,,,,,0,,0,,0,,8,,
698,Wollastonite,Wollastonit,,,,,0,,0,,0,,8,,
699,Woodhouseite,Woodhouseit,,,,,0,,0,,0,,6,,
700,Wulfenite,Wulfenit,,,,,0,,0,,0,,6,,
701,Wurtzite,Wurtzit,,https://cs.wikipedia.org/wiki/Wurtzit,,,1,,0,,0,,2,,
702,Xenotime,Xenotim,,,,,0,,0,,0,,7,,
703,Yugawarlit,Yugawarlit,,,,,0,,0,,0,,8,,
704,Sort out,Zaratit,,,,,0,,0,,0,,5,,
705,Zeophyllite,Zeofylit,,,,,0,,0,,0,,8,,
706,Zeunerite,Zeunerit,,,,,0,,0,,0,,7,,
707,Zincite,Zinkit,,https://cs.wikipedia.org/wiki/Zinkit,,,1,4,0,,0,"žlutooranžová, červená, červenohnědá,...",4,"(Zn,Mn2+)O",
708,Zippite,Zippeit,,https://cs.wikipedia.org/wiki/Zippeit,,,1,2,0,,0,"zlatě žlutá, sv. žlutá,…",6,K4(UO2)6(OH)10(SO4)3.4H2O,
709,Zircon,Zirkon,,https://cs.wikipedia.org/wiki/Zirkon,,,1,7.5,0,,0,"bezbarvý, žlutá, zelená, modrá...",8,ZrSiO4,
710,Zircon Favas,Zirkonové Favas,,,,,0,,0,,0,,4,,
711,Zircon Gold,Zlato,,,,,0,2.5,0,,0,,1,Au,
712,Zoisite zircons,Zoisit,,https://cs.wikipedia.org/wiki/Zoisit,,,1,6.5,0,,0,"bezbarvý, zelená, žlutá, modrá, fialová, červená, růžová",8,Ca2Al3Si3O12(OH),
713,Zánheda zircons,Záhněda,,https://cs.wikipedia.org/wiki/Z%C3%A1hn%C4%9Bda,,,1,7,0,,0,"čirá; hnědá v různých odstínech až do šedé; morion-černá odrůda; zabarvení příměsí Al, Li, Na, přírodním radioaktivním zářením",4,SiO2,
714,Zircon Åkermanite,Åkermanit,,,,,0,,0,,0,,8,,
715,Zirconia Cermíkite,Čermíkit,,,,,0,,0,,0,,6,,
716,Zircon Tjuamunits,Ťujamunit,,,,,0,,0,,0,,7,,
717,Zirconium Iron,Železo,,,,,0,4,0,,0,,1,Fe,
