ID,Znameni,Latin,English,Czech,Slovakia,Popis,Listy,Kvety,Plod,Vyskyt,Connect,Joined,Podminky
1,,Acanthaceae,,paznehtníkovité,,jednoleté vytrvalé byliny/polokeře/keře,vstřícné listy,dvoustraně souměrné květy,,,0,Acanth,
2,,Aceraceae,,javorovité,,,,,,,9,,
3,,Actinidiaceae,,aktinidiovité,,,,,,,0,Actinidi,
4,,Adianthaceae,,netíkovité,,,,,,,0,Adianth,
5,,Adoxaceae/Viburnaceae,,pižmovkovité/kalinovité,,,,,,,9,Adox,
6,,Aizoaceae,,kosmatcovité,,,,,,,1,Aizo,
7,,Alariaceae,,,,,,,,,0,Alari,
8,,Alismataceae,,žabníkovité,,,,,,,6,Alismat,
9,,Alliaceae,,česnekovité,,,,,,,0,Alli,
10,,Amaranthaceae,,laskavcovité,,,,,,,91,,
11,,Amaryllidaceae,,amarylkovité,,Vytvářejí pod zemí cibulky nebo oddenky,"skládá se z 5 plátků, které tvoří 2 kruhy", pravidelné obupohlavné,tobolky nebo bobule,,38,,
12,,Anacardiaceae,,ledvinovníkovité,,,,,,,3,Anacardi,
13,,Annonaceae,,anonovité/láhevníkovité,,,,,,,0,Annon,
14,1,Apiaceae,,miříkovité,,,,,,,115,Api,
15,2,Apocynaceae,,toještovité,,,,,,,4,Apocyn,
16,,Aponogetonaceae,,kalatkovité,,,,,,,0,Aponogeton,
17,,Aquifoliaceae,,cesmínovité,,,,,,,1,Aquifoli,
18,,Araceae,,árónovité,,,,,,,11,Ar,
19,,Araliaceae,,aralkovité,,,,,,,2,Arali,
20,,Araucariaceae,,blahočetovité,,,,,,,0,Araucari,
21,,Arecaceae,,arekovité,,,,,,,0,Arec,
22,,Aristolochiaceae,,podražcovité,,,,,,,3,Aristolochi,
23,,Asclepiadaceae,,klejichovité,,,,,,,0,Asclepiad,
24,,Asparagaceae,,chřestovité,,,,,,,29,Asparag,
25,,Asphodelaceae,,asfodelovité,,"Vytrvalé podzemní byliny, patří mezi ně i sukulenty a liány",,,,,2,Asphodel,
26,,Aspleniaceae,,sleziníkovité,,,,,,,15,Aspleni,
27,,Asteraceae,,hvězdnicovité,,"složnokvěté, nejpočetnější (25tis druhů)",tvoří zákrov z listenů,"drobné, úbory, oboupohlavné i jednopohlavné",nažka - často s chmýrem nebo s háčky/ostny,,540,,
28,,Azollaceae,,azolovité,,,,,,,0,Azoll,
29,,Balanophoraceae,,hlivencovité,,,,,,,0,Balanophor,
30,,Balsaminaceae,,netýkavkovité,,,,,,,6,Balsamin,
31,,Basellaceae,,baselkovité,,,,,,,0,Basell,
32,,Begoniaceae,,kysalovité,,,,,,,0,Begoni,
33,,Berberidaceae,,dřišťálovité,,,,,,,4,Berberid,
34,,Betulaceae,,břízovité,,větrosnubné dřeviny,"jednoduché, střídavé","silně redukované okvětí, jehnědovitá květenství",nažka,,19,,
35,,Bignoniaceae,,trubačovité,,,,,,,1,Bignoni,
36,,Bixaceae,,bixovité,,,,,,,0,Bix,
37,,Blechnaceae,,žebrovicovité,,,,,,,1,Blechn,
38,,Boraginaceae,,brutnákovité,,"zahrnuje hlavně byliny, jejichž lodyhy a listy pokrývají tuhé trichomy",střídavé celokrajné,"pětičlenné, vrcholičnatá květenství",semeník dozrává v čtyři tvrdky,,52,Boragin,
39,1,Brassicaceae,,brukvovité,,"hmyzosnubné, hospodářsky významná plodina",střídavé,vrcholičnatá květenství,"šešule, šešulka, zřídka struk či nažka",,201,,
40,,Bromeliaceae,,bromeliovité,,,,,,,0,Bromeli,
41,,Buddlejaceae,,komulovité,,,,,,,0,Buddlej,
42,1,Burseraceae,,březulovité,,,,,,,0,Burser,
43,,Butomaceae,,šmelovité,,,,,,,1,Butom,
44,,Buxaceae,,zimostrázovité,,,,,,,1,Bux,
45,,Cactaceae,,kaktusovité,,,,,,,1,Cact,
46,,Caesalpiniaceae,,sapanovité,,,,,,,0,Caesalpini,
47,,Callitrichaceae,,hvězdošovité,,,,,,,0,Callitrich,
48,,Calophyllaceae,,kalabovité,,,,,,,0,Calophyll,
49,,Calycanthaceae,,sazaníkovité,,,,,,,1,Calycanth,
50,,Campanulaceae,,zvonkovité,,,,,,,35,,
51,,Canellaceae,,běloskořičníkovité,,,,,,,0,Canell,
52,,Cannabaceae,,konopovité,,,,,,,6,Cannab,
53,,Cannaceae,,dosnovité,,,,,,,0,Cann,
54,,Capparaceae,,kaparovité,,,,,,,0,Cappar,
55,,Caprifoliaceae,,zimolezovité,,,,,,,48,Valerianella,
56,,Caricaceae,,papájovité,,,,,,,0,Caric,
57,,Caryocaraceae,,,,,,,,,0,Caryocar,
58,,Caryophyllaceae,,hvozdíkovité,,,,,,,128,Caryophyll,
59,,Casuarinaceae,,přesličníkovité,,,,,,,0,Casuarin,
60,,Celestraceae,,jesencovité,,,,,,,0,Celestr,
61,,Cephalotaceae,,láčkovicovité,,,,,,,0,Cephalot,
62,,Ceratophyllaceae,,růžkatcovité,,,,,,,2,Ceratophyll,
63,,Cercidiphyllaceae,,zmarličníkovité,,,,,,,0,Cercidiphyll,
64,,Cistaceae,,cistovité,,,,,,,7,Cist,
65,,Clethraceae,,jochovcovité,,,,,,,0,Clethr,
66,,Clusiaceae,,klusiovité,,,,,,,0,Clusi,
67,,Colchicaceae,,ocúnovité,,,,,,,1,Colchic,
68,,Cornbretateae,,conibretovité,,,,,,,0,Cornbretateae,
69,,Commelinaceae,,křížatkovité,,,,,,,2,Commelin,
70,,Convolvulaceae,,svlačcovité,,,,,,,13,Convolvul,
71,,Cornaceae,,dřínovité,,,,,,,8,Corn,
72,,Corylaceae,,lískovité,,"větrosnubné,  jednodomé dřeviny",střídavé listy - silně,redukované okvětí; jehnědy,oříšek,,0,Coryl,
73,,Crassulaceae,,tlusticovité,,,,,,,26,Crassul,
74,,Cryptogrammaceae,,jinořadcovité,,,,,,,0,Cryptogramm,
75,,Cucurbitaceae,,tykvovité,,,,,,,16,Cucurbit,
76,1,Cupressaceae,,cypřišovité,,,,,,,14,Cupress,
77,,Cuscutaceae,,kokoticovité,,,,,,,0,Cuscut,
78,,Cycadaceae,,cykasovité,,,,,,,0,Cycad,
79,,Cyclanthaceae,,rozkydancovité,,,,,,,0,Cyclanth,
80,,Cynomoriaceae,,,,,,,,,0,Cynomori,
81,,Cyperaceae,,šáchorovité,,"byliny trávovitého vzhledu, lodyha – trojhranná se dření","čárkovité, trojřadně uspořádané","oboupohlavé, či jednopohlavé, stejnobalené až bezobalné, uspořádané v 1-mnohokvětých kláscích, klasovitá květenství",,,132,,
82,,Dennstaedtiaceae,,hasivkovité,,,,,,,1,Dennstaedti,
83,,Dilleniaceae,,hodarovité,,,,,,,0,Dilleni,
84,,Dioscoreaceae,,smldincovité,,,,,,,0,Dioscore,
85,,Dipsacaceae,,štětkovité,,,,,,,0,Dipsac,
86,,Dipterocarpaceae,,dvoukřídláčovité,,,,,,,0,Dipterocarp,
87,,Droseraceae,,rosnatkovité,,,,,,,5,Droser,
88,,Drosophyllaceae,,rosnolistovité,,,,,,,0,Drosophyll,
89,,Dryopteridaceae,,kapraďovité,,,,,,,10,Dryopterid,
90,,Ebenaceae,,ebenovité,,,,,,,0,Eben,
91,,Elaeagnaceae,,hlošinovité,,,,,,,3,Elaeagn,
92,,Elatinaceae,,úporovité,,,,,,,5,Elatin,
93,,Empetraceae,,šichovité,,,,,,,0,Empetr,
94,,Equisetaceae,,presličkovité,,,,,,,9,Equiset,
95,,Ericaceae,,vřesovcovité,,,,,,,24,Eric,
96,,Erythroxylaceae,,kokainovníkovité,,,,,,,0,Erythroxyl,
97,,Euphorbiaceae,,pryšcovité,,,,,,,34,,
98,,Fabaceae,,bobovité,,"hmyzosnubné, byliny i dřeviny, asi 12tis druhů","stříavé, opatřené palisty, často zakončené úponkou","souměrné, nejčastěji v hroznu nebo v hlávce",semeník většinou dozrává v lusk,,205,,
99,1,Fagaceae,,bukovité,,"opadavé, větrosnubné rostliny",jednoduché,"jednopohlavné, vrcholičnatá květenství","jednosemenná nažka, zčásti či zcela uzavřená v číšce",v mírných oblastech,11,,
100,,Fouquieriaceae,,,,,,,,,0,Fouquieri,
101,,Fucaceae,,chaluhovité,,,,,,,0,Fuc,
102,,Fumariaceae,,zemědýmovité,,,,,,,0,Fumari,
103,,Garryaceae,,garyovité,,,,,,,0,Garry,
104,,Gentianaceae,,hořcovité,,,,,,,31,Gentian,
105,1,Geraniaceae,,kakostovité,,,,,,,26,Gerani,
106,,Gesneriaceae,,podpětovité,,,,,,,0,Gesneri,
107,,Gigartinaceae,,,,,,,,,0,Gigartin,
108,,Ginkgoaceae,,jInanovité,,,,,,,1,,
109,,Globulariaceae,,koulenkovité,,,,,,,0,Globulari,
110,,Grossulariaceae,,meruzalkovité,,,,,,,12,Grossulari,
111,,Gunneraceae,,gunnerovité,,,,,,,0,Gunner,
112,,Haloragaceae,,zrnulovité,,,,,,,3,Halorag,
113,,Hamamelldaceae,,vilínovité,,,,,,,0,Hamamelld,
114,,Hemerocallidaceae,,denivkovité,,,,,,,0,Hemerocallid,
115,,Hippocastanaceae,,jírovcovité,,,,,,,0,Hippocastan,
116,,Hippurldaceae,,prustkovité,,,,,,,0,Hippurld,
117,,Hostaceae,,bohyškovité,,,,,,,0,Host,
118,,Hydnoraceae,,,,,,,,,0,Hydnor,
119,,Hydrangeaceae,,hortenziovité,,,,,,,5,Hydrange,
120,,Hydrocotylaceae,,pupečníkovité,,,,,,,0,Hydrocotyl,
121,,Hydrocharltaceae,,voďankovité,,,,,,,0,Hydrocharlt,
122,,Hydrophyllaceae,,stružkovcovité,,,,,,,0,Hydrophyll,
123,,Hymenophyllaceae,,blánatcovité,,,,,,,2,Hymenophyll,
124,,Hypericaceae,,třezalkovité,,,,,,,9,Hyperic,
125,,Chenopodlaceae,,merlíkovité,,vesměs byliny,jednoduché,"oboupohlavé (merlíky), jednopohlavé (lebedy), drobné s redukovaným okvětím, stažená vrcholičnatá květenství, skládajíc se v klasy nebo laty",nažka,,0,Chenopodl,
126,,Chrysobalanaceae,,zlatoplodovité,,,,,,,0,Chrysobalan,
127,,Irldaceae,,kosatcovité,,,,,,,0,Irld,
128,,Irvinglaceae,,irvingiovité,,,,,,,0,Irvingl,
129,,Isoetaceae,,šídlatkovité,,,,,,,2,Isoet,
130,,Juglandaceae,,ořešákovité,,řád bukotvaré (Fagales),,,,,4,Jugland,
131,,Juncaceae,,sítinovité,,,,,,,35,,
132,,Juncaginaceae,,bařičkovité,,,,,,,2,Juncagin,
133,,Kramerlaceae,,kramériovité,,,,,,,0,Kramerl,
134,1,Lamiaceae,,hluchavkovité,,"hmyzosnubné, byliny se čtyřhrannými stonky","zubaté, mimikry (rod chluchavka)","zkrácená vrcholičnatá květenství, dvoupyské, dvoumocné tyčinky",semeník dozrává ve 4 tvrdky,,1,Laml,
135,,Lamlnarlaceae,,,,,,,,,0,Lamlnarl,
136,1,Lauraceae,,vavřínovité,,,,,,,0,Laur,
137,,Lecythidaceae,,hrnečníkovité,,,,,,,0,Lecythid,
138,,Lemnaceae,,okřehkovité,,,,,,,0,Lemn,
139,,Lentibulariaceae,,bublinatkovité,,,,,,,9,Lentibulari,
140,,Lessoniaceae,,,,,,,,,0,Lessoni,
141,,Liliaceae,,liliovité,,"s oddenkem, cibulí či hlízou",čárokvité,"různých velikostí, jednotlivé, nebo v hroznových květenstvích",svrchní semeník dozrává v tobolku nebo bobuli,,20,Lili,
142,,Linaceae,,lnovité,,,,,,,8,Lin,
143,,Lobeliaceae,,lobelkovité,,,,,,,0,Lobeli,
144,,Loganiaceae,,kulčibovité,,,,,,,0,Logani,
145,,Loranthaceae,,ochmetovité,,,,,,,1,Loranth,
146,,Lycopodlaceae,,plavunovité,,,,,,,0,Lycopodl,
147,,Lythraceae,,kyprejovité,,,,,,,6,Lythr,
148,,Magnollaceae,,šácholanovité,,,,,,,0,Magnoll,
149,,Malvaceae,,slézovité,,,,,,,34,Malv,
150,,Marantaceae,,marantovité,,,,,,,0,Marant,
151,,Marsileaceae,,marsilkovité,,,,,,,1,Marsile,
152,,Melanthlaceae,,kýchavicovité,,,,,,,0,Melanthl,
153,,Meliaceae,,zederachovité,,,,,,,0,Meli,
154,,Menispermaceae,,chebulovité,,,,,,,0,Menisperm,
155,,Menyanthaceae,,vachtovité,,,,,,,2,Menyanth,
156,,Monotropaceae,,hnilákovite,,,,,,,0,Monotrop,
157,,Moraceae,,morušovníkovité,,,,,,,4,Mor,
158,,Moringaceae,,moringovité,,,,,,,0,Moring,
159,,Musaceae,,banánovníkovité,,,,,,,0,Mus,
160,,Myricaceae,,vřesnovité,,,,,,,0,Myric,
161,,Myristicaceae,,muškátovníkovité,,,,,,,0,Myristic,
162,1,Myrtaceae,,myrtovité,,,,,,,0,Myrt,
163,,Najadaceae,,řečankovité,,,,,,,0,Najad,
164,,Nepenthaceae,,láčkovité,,,,,,,0,Nepenth,
165,,Nyctaginaceae,,nocenkovité,,,,,,,1,Nyctagin,
166,,Nymphaeaceae,,leknínovité,,vodní čí bahenní rostliny,"řapíkaté listy, vyrůstající přímo z oddenku",množství tyčinek a pestíků,měchýřky,stojaté či mírně tekoucí vody,4,Nymphae,
167,,Oleaceae,,olivovníkovité,,,,,,,10,Ole,
168,,Onagraceae,,pupalkovité,,,,,,,44,Onagr,
169,,Ophioglossaceae,,jazykovité/hadilkovité,,,,,,,5,Ophiogloss,
170,,Orchidaceae,,vstavačovité,,"autotrofní rostliny, mykotrofní  paraziti s endotrofní mykorrhizou, s oddenky nebo kořenovými hlízami",,"přizpůsobeny k opylování hmyzem a ptáky, souměrné, pestře zbarvené okvětí",spodní semeník dozrává v tobolku à šíření semen větrem,,71,Orchid,
171,,Orobanchaceae,,zárazovité,,,,,,,62,Orobanch,
172,,Osmundaceae,,podezřeňovité,,,,,,,1,Osmund,
173,,Oxalidaceae,,šťavelovité,,,,,,,9,Oxalid,
174,,Paeoniaceae,,pivonkovité,,,,,,,3,Paeoni,
175,,Pandanaceae,,pandánovité,,,,,,,0,Pandan,
176,,Papaveraceae,,makovité,,,,,,,37,,
177,,Parnassiaceae,,tolijovité,,,,,,,0,Parnassi,
178,,Passifloraceae,,mučenkovité,,,,,,,0,Passiflor,
179,,Pedaliaceae,,sezamovité,,,,,,,0,Pedali,
180,,Philadelphaceae,,pustorylovité,,,,,,,0,Philadelph,
181,,Phytolaccaceae,,Iíčidlovité,,,,,,,2,Phytolacc,
182,1,Pinaceae,,borovicovité,,,,,,,30,,
183,,Piperaceae,,pepřovníkovité,,,,,,,0,Piper,
184,,Plantaginaceae,,jitrocelovité,,,,,,,79,,
185,,Platanaceae,,platanovité,,,,,,,3,Platan,
186,,Plumbaginaceae,,olověncovité,,,,,,,7,Plumbagin,
187,,Poaceae,,lipnicovité,,"trávy; jednoleté až vytrvalé byliny, větrosnubné, s dutými, kolénkovými stébly","střídavé se souběžnou žilnatinou, rozlišeny na čárkovitou čepel a pochvu, na jejichž rozhraní bývá blanitý jazýček či ouška","silně redukované květní obaly, oboupohlavé, vzácně jednopohlavé (kukuřice)",obilka se škrobnatým endospermem,,332,,
188,,Polemoniaceae,,jirnicovité,,,,,,,5,Polemoni,
189,,Polygalaceae,,vítodovité,,,,,,,10,Polygal,
190,,Polygonaceae,,rdesnovité,,,,,,,65,,
191,,Polypodiaceae,,osladičovité,,,,,,,2,Polypodi,
192,,Pontederiaceae,,modráskovité,,,,,,,0,Pontederi,
193,,Portulacaceae,,šruchovité,,,,,,,4,Portulac,
194,,Potamogetonaceae,,rdestovité,,,,,,,23,Primula,
195,,Primulaceae,,prvosenkovité,,,,,,,32,Primul,
196,,Pteridaceae,,netíkovité,,,,,,,2,Pterid,
197,,Pyrolaceae,,hruštičkovité,,,,,,,0,Pyrol,
198,,Raffiesiaceae,,,,,,,,,0,Raffiesi,
199,,Ranunculaceae,,pryskyřníkovité,,"prodloužené květní lůžko. Účinná látka: protoanemonin, jedovatost mizí sušením, nikoli silážováním",,"zčásti ve šroubovici, zčásti v kruzích, pravidelné, velký počet tyčinek a pestíků",souplodí nažek/měchýřek,,99,Ranuncu,
200,,Resedaceae,,rýtovité,,,,,,,5,Resed,
201,,Rhamnaceae,,řešetlákovité,,,,,,,2,Rhamn,
202,,Rhizophoraceae,,kořenovníkovité,,,,,,,0,Rhizophor,
203,,Roccellaceae,,skalačkovité,,,,,,,0,Roccell,
204,2,Rosaceae,,růžovité,,byliny i dřeviny," jednoduché i složené, oboupohlavé, s rozšířeným květním obalem, opatřené palisty",,"mechýřky (tavolník), nažky (mochna, jahodník), peckovice (slivoň, ostružiník),     malvice (jabloň, jeřáb)",,327,Rosa,
205,,Rubiaceae,,mořenovité,,,,,,,41,Rubia,
206,,Rutaceae,,routovité,,,,,,,2,Rut,
207,,Salicaceae,,vrbovité,,dvoudomé dřeviny,,"bezobalné, květenství – jehnědy",svrchní semeník dozrává v tobolku,,44,Salica,
208,,Salviniaceae,,nepupalkovité,,,,,,,2,Salvini,
209,,Sambucaceae,,bezovité,,,,,,,0,Sambuc,
210,,Santalaceae,,santálovité,,,,,,,12,Santal,
211,,Sapindaceae,,mýdelnikovité,,,,,,,4,Sapind,
212,,Sapotaceae,,sapodilovité,,,,,,,0,Sapot,
213,,Sargassaceae,,,,,,,,,0,Sargass,
214,,Sarraceniaceae,,špirlicovité,,,,,,,0,Sarraceni,
215,,Saxifragaceae,,lomikamenovité,,,,,,,22,Saxifrag,
216,,Scrophulariaceae,,krtičníkovité,,"rostliny s autotrofní výživou (divizna), poloparaziti (černýš), paraziti",,"souměrné, sklon k redukci",svrchní semeník dozrává v tobolku,,21,Scrophulari,
217,,Selaginellaceae,,vranečkovité,,,,,,,2,Selaginell,
218,,Scheuchzeriaceae,,blatnicovité,,,,,,,1,Scheuchzeri,
219,,Schisandraceae,,klanopraškovité,,,,,,,0,Schisandr,
220,,Simaroubaceae,,simarubovité,,,,,,,1,Simaroub,
221,,Smilacaceae,,přestupovité,,,,,,,0,Smilac,
222,,Solanaceae,,lilkovité,,"hlavně byliny, v tropech i dřeviny, dvoubočné cévní svazky",střídavé,"oboupohlavé, 5četné, se srostlým kalichem i korunou, svrchní semeník",bobule nebo tobolka,,40,Solan,
223,,Solieriaceae,,,,,,,,,0,Solieri,
224,,Sparganiaceae,,zevarovité,,,,,,,0,Spargani,
225,,Staphyleaceae,,klokočovité,,,,,,,1,Staphyle,
226,,Styracaceae,,styračovité,,,,,,,0,Styrac,
227,,Tamaricaceae,,tamaryškovité,,,,,,,4,Tamaric,
228,,Taxaceae,,tisovité,,,,,,,1,Tax,
229,,Taxodiaceae,,tisovcovité,,,,,,,0,Taxodi,
230,,Theaceae,,čajovníkovité,,,,,,,0,The,
231,,Thelypteridaceae,,kapradiníkovité,,,,,,,3,Thelypterid,
232,,Thymelaeaceae,,vrabečnicovité,,,,,,,3,Thymelae,
233,,Tiliaceae,,lípovité,,,,,,,0,Tili,
234,,Trapaceae,,kotvicovité,,,,,,,0,Trap,
235,,Trilliaceae,,triliovité,,,,,,,0,Trilli,
236,,Tropaeolaceae,,lichořeřišnicovité,,,,,,,1,Tropaeol,
237,,Typhaceae,,orobincovité,,,,,,,13,Typh,
238,,Ulmaceae,,jilmovité,,,,,,,4,Ulm,
239,,Ulvaceae,,,,,,,,,0,Ulv,
240,1,Urticaceae,,kopřivovité,,"žahavé chlupy, palisty","vštřícné listy s pilovitými, vzácně celokrajnými okraji",,,,8,Urtic,
241,,Vacciniaceae,,brusnicovité,,,,,,,0,Vaccini,
242,,Valerianaceae,,kozlíkovité,,,,,,,8,Valerian,
243,,Verbenaceae,,sporýšovité,,,,,,,5,Verben,
244,,Violaceae,,violkovité,,,,,,,32,Viola,
245,,Vita cede,,révovité,,,,,,,0,Vita cede,
246,,Welwitschiaceae,,welwitschiovité,,,,,,,0,Welwitschi,
247,,Winteraceae,,,,,,,,,0,Winter,
248,,Woodsiaceae,,papratkovité,,,,,,,2,Woodsi,
249,,Xanthorrhoeaceae,,žlutokapovité,,,,,,,0,Xanthorrhoe,
250,,Zannicheliaceae,,šejdračkovité,,,,,,,0,Zannicheli,
251,1,Zingiberaceae,,zázvorníkovité,,,,,,,0,Zingiber,
252,,Zosteraceae,,vochovité,,,,,,,0,Zoster,
253,,Zygophyllaceae,,kacibovité,,,,,,,1,Zygophyll,
254,,Achariaceae,,,,,,,,,0,Achari,
255,,Achatocarpaceae,,,,,,,,,0,Achatocarp,
256,,Acoraceae,,puškvorcovité ,,,,,,,1,Acor,
257,,Acrobolbaceae,,,,,,,,,0,Acrobolb,
258,,Adelanthaceae,,,,,,,,,0,Adelanth,
259,,Adiantaceae,,,,,,,,,0,Adiant,
260,,Aextoxicaceae,,,,,,,,,0,Aextoxic,
261,,Akaniaceae,,,,,,,,,0,Akani,
262,,Allisoniaceae,,,,,,,,,0,Allisoni,
263,,Alseuosmiaceae,,,,,,,,,0,Alseuosmi,
264,,Alstroemeriaceae,,,,,,,,,0,Alstroemeri,
265,,Altingiaceae,,,,,,,,,0,Altingi,
266,,Alzateaceae,,,,,,,,,0,Alzate,
267,,Amblystegiaceae,,,,,,,,,0,Amblystegi,
268,,Amborellaceae,,,,,,,,,0,Amborell,
269,,Anarthriaceae,,,,,,,,,0,Anarthri,
270,,Anastrophyllaceae,,,,,,,,,0,Anastrophyll,
271,,Ancistrocladaceae,,,,,,,,,0,Ancistroclad,
272,,Andreaeaceae,,,,,,,,,0,Andreae,
273,,Aneuraceae,,,,,,,,,0,Aneur,
274,,Anisophylleaceae,,,,,,,,,0,Anisophylle,
275,,Antheliaceae,,,,,,,,,0,Antheli,
276,,Anthocerotaceae,,,,,,,,,0,Anthocerot,
277,,Aphanopetalaceae,,,,,,,,,0,Aphanopetal,
278,,Aphloiaceae,,,,,,,,,0,Aphloi,
279,,Apodanthaceae,,,,,,,,,0,Apodanth,
280,,Archidiaceae,,,,,,,,,0,Archidi,
281,,Argophyllaceae,,,,,,,,,0,Argophyll,
282,,Arnelliaceae,,,,,,,,,0,Arnelli,
283,,Asteliaceae,,,,,,,,,0,Asteli,
284,,Asteropeiaceae,,,,,,,,,0,Asteropei,
285,,Atherospermataceae,,,,,,,,,0,Atherospermat,
286,,Aulacomniaceae,,,,,,,,,0,Aulacomni,
287,,Austrobaileyaceae,,,,,,,,,0,Austrobailey,
288,,Aytoniaceae,,,,,,,,,0,Aytoni,
289,,Balanopaceae,,,,,,,,,0,Balanop,
290,,Balantiopsaceae,,,,,,,,,0,Balantiops,
291,,Barbeuiaceae,,,,,,,,,0,Barbeui,
292,,Barbeyaceae,,,,,,,,,0,Barbey,
293,,Bartramiaceae,,,,,,,,,0,Bartrami,
294,,Bataceae,,,,,,,,,0,Bat,
295,,Berberidopsidaceae,,,,,,,,,0,Berberidopsid,
296,,Biebersteiniaceae,,,,,,,,,0,Biebersteini,
297,,Blandfordiaceae,,,,,,,,,0,Blandfordi,
298,,Bonnetiaceae,,,,,,,,,0,Bonneti,
299,,Boryaceae,,,,,,,,,0,Bory,
300,,Boweniaceae,,,,,,,,,0,Boweni,
301,,Brachytheciaceae,,,,,,,,,0,Brachytheci,
302,,Brevianthaceae,,,,,,,,,0,Brevianth,
303,,Bruchiaceae,,,,,,,,,0,Bruchi,
304,,Brunelliaceae,,,,,,,,,0,Brunelli,
305,,Bruniaceae,,,,,,,,,0,Bruni,
306,,Bryaceae,,,,,,,,,0,Bry,
307,,Bryobartramiaceae,,,,,,,,,0,Bryobartrami,
308,,Bryoxiphiaceae,,,,,,,,,0,Bryoxiphi,
309,,Burmanniaceae,,,,,,,,,0,Burmanni,
310,,Buxbaumiaceae,,,,,,,,,0,Buxbaumi,
311,,Byblidaceae,,,,,,,,,0,Byblid,
312,,Cabombaceae,,,,,,,,,0,Cabomb,
313,,Calceolariaceae,,,,,,,,,0,Calceolari,
314,,Calomniaceae,,,,,,,,,0,Calomni,
315,,Calyceraceae,,,,,,,,,0,Calycer,
316,,Calymperaceae,,,,,,,,,0,Calymper,
317,,Calypogeiaceae,,,,,,,,,0,Calypogei,
318,,Campyneumataceae,,,,,,,,,0,Campyneumat,
319,,Cardiopteridaceae,,,,,,,,,0,Cardiopterid,
320,,Carlemanniaceae,,,,,,,,,0,Carlemanni,
321,,Catagoniaceae,,,,,,,,,0,Catagoni,
322,,Catoscopiaceae,,,,,,,,,0,Catoscopi,
323,,Celastraceae,,jesencovité ,,,,,,,5,Celastr,
324,,Centrolepidaceae,,,,,,,,,0,Centrolepid,
325,,Centroplacaceae,,,,,,,,,0,Centroplac,
326,,Cephalotaxaceae,,,,,,,,,0,Cephalotax,
327,,Cephaloziaceae,,,,,,,,,0,Cephalozi,
328,,Cephaloziellaceae,,,,,,,,,0,Cephaloziell,
329,,Chaetophyllopsaceae,,,,,,,,,0,Chaetophyllops,
330,,Chloranthaceae,,,,,,,,,0,Chloranth,
331,,Chonecoleaceae,,,,,,,,,0,Chonecole,
332,,Cinclidotaceae,,,,,,,,,0,Cinclidot,
333,,Circaeasteraceae,,,,,,,,,0,Circaeaster,
334,,Cleomaceae,,,,,,,,,0,Cleom,
335,,Cleveaceae,,,,,,,,,0,Cleve,
336,,Climaciaceae,,,,,,,,,0,Climaci,
337,,Columelliaceae,,,,,,,,,0,Columelli,
338,,Combretaceae,,,,,,,,,0,Combret,
339,,Compositae,,,,,,,,,0,Compositae,
340,,Connaraceae,,,,,,,,,0,Connar,
341,,Conocephalaceae,,,,,,,,,0,Conocephal,
342,,Coriariaceae,,,,,,,,,0,Coriari,
343,,Corsiaceae,,,,,,,,,0,Corsi,
344,,Corsiniaceae,,,,,,,,,0,Corsini,
345,,Corynocarpaceae,,,,,,,,,0,Corynocarp,
346,,Costaceae,,,,,,,,,0,Cost,
347,,Crossosomataceae,,,,,,,,,0,Crossosomat,
348,,Cryphaeaceae,,,,,,,,,0,Cryphae,
349,,Crypteroniaceae,,,,,,,,,0,Crypteroni,
350,,Ctenolophonaceae,,,,,,,,,0,Ctenolophon,
351,,Cunoniaceae,,,,,,,,,0,Cunoni,
352,,Curtisiaceae,,,,,,,,,0,Curtisi,
353,,Cyatheaceae,,,,,,,,,0,Cyathe,
354,,Cymodoceaceae,,,,,,,,,0,Cymodoce,
355,,Cyrillaceae,,,,,,,,,0,Cyrill,
356,,Cyrtopodaceae,,,,,,,,,0,Cyrtopod,
357,,Cytinaceae,,,,,,,,,0,Cytin,
358,,Daltoniaceae,,,,,,,,,0,Daltoni,
359,,Daphniphyllaceae,,,,,,,,,0,Daphniphyll,
360,,Dasypogonaceae,,,,,,,,,0,Dasypogon,
361,,Datiscaceae,,,,,,,,,0,Datisc,
362,,Davalliaceae,,,,,,,,,0,Davalli,
363,,Degeneriaceae,,,,,,,,,0,Degeneri,
364,,Dendrocerotaceae,,,,,,,,,0,Dendrocerot,
365,,Diapensiaceae,,,,,,,,,0,Diapensi,
366,,Dichapetalaceae,,,,,,,,,0,Dichapetal,
367,,Dicksoniaceae,,,,,,,,,0,Dicksoni,
368,,Dicnemonaceae,,,,,,,,,0,Dicnemon,
369,,Dicranaceae,,,,,,,,,0,Dicran,
370,,Didiereaceae,,,,,,,,,0,Didiere,
371,,Dioncophyllaceae,,,,,,,,,0,Dioncophyll,
372,,Dipentodontaceae,,,,,,,,,0,Dipentodont,
373,,Dipteridaceae,,,,,,,,,0,Dipterid,
374,,Dirachmaceae,,,,,,,,,0,Dirachm,
375,,Disceliaceae,,,,,,,,,0,Disceli,
376,,Ditrichaceae,,,,,,,,,0,Ditrich,
377,,Doryanthaceae,,,,,,,,,0,Doryanth,
378,,Ecdeiocoleaceae,,,,,,,,,0,Ecdeiocole,
379,,Echinodiaceae,,,,,,,,,0,Echinodi,
380,,Elaeocarpaceae,,,,,,,,,0,Elaeocarp,
381,,Emblingiaceae,,,,,,,,,0,Emblingi,
382,,Encalyptaceae,,,,,,,,,0,Encalypt,
383,,Entodontaceae,,,,,,,,,0,Entodont,
384,,Ephedraceae,,,,,,,,,0,Ephedr,
385,,Ephemeraceae,,,,,,,,,0,Ephemer,
386,,Eriocaulaceae,,,,,,,,,0,Eriocaul,
387,,Erpodiaceae,,,,,,,,,0,Erpodi,
388,,Escalloniaceae,,,,,,,,,0,Escalloni,
389,,Eucommiaceae,,,,,,,,,0,Eucommi,
390,,Euphroniaceae,,,,,,,,,0,Euphroni,
391,,Eupomatiaceae,,,,,,,,,0,Eupomati,
392,,Eupteleaceae,,,,,,,,,0,Euptele,
393,,Eustichiaceae,,,,,,,,,0,Eustichi,
394,,Exormothecaceae,,,,,,,,,0,Exormothec,
395,,Fabroniaceae,,,,,,,,,0,Fabroni,
396,,Fissidentaceae,,,,,,,,,0,Fissident,
397,,Flagellariaceae,,,,,,,,,0,Flagellari,
398,,Fontinalaceae,,,,,,,,,0,Fontinal,
399,,Fontinaliaceae,,,,,,,,,0,Fontinali,
400,,Fossombroniaceae,,,,,,,,,0,Fossombroni,
401,,Frankeniaceae,,,,,,,,,0,Frankeni,
402,,Funariaceae,,,,,,,,,0,Funari,
403,,Geissolomataceae,,,,,,,,,0,Geissolomat,
404,,Gelsemiaceae,,,,,,,,,0,Gelsemi,
405,,Geocalycaceae,,,,,,,,,0,Geocalyc,
406,,Gigaspermaceae,,,,,,,,,0,Gigasperm,
407,,Gisekiaceae,,,,,,,,,0,Giseki,
408,,Gleicheniaceae,,,,,,,,,0,Gleicheni,
409,,Gnetaceae,,,,,,,,,0,Gnet,
410,,Goebeliellaceae,,,,,,,,,0,Goebeliell,
411,,Gomortegaceae,,,,,,,,,0,Gomorteg,
412,,Goodeniaceae,,,,,,,,,0,Goodeni,
413,,Goupiaceae,,,,,,,,,0,Goupi,
414,,Grammitidaceae,,,,,,,,,0,Grammitid,
415,,Grimmiaceae,,,,,,,,,0,Grimmi,
416,,Griseliniaceae,,,,,,,,,0,Griselini,
417,,Grubbiaceae,,,,,,,,,0,Grubbi,
418,,Gymnomitriaceae,,,,,,,,,0,Gymnomitri,
419,,Gyrostemonaceae,,,,,,,,,0,Gyrostemon,
420,,Haemodoraceae,,,,,,,,,0,Haemodor,
421,,Halophytaceae,,,,,,,,,0,Halophyt,
422,,Hamamelidaceae,,,,,,,,,3,Hamamelid,
423,,Hanguanaceae,,,,,,,,,0,Hanguan,
424,,Haplomitriaceae,,,,,,,,,0,Haplomitri,
425,,Haptanthaceae,,,,,,,,,0,Haptanth,
426,,Hedwigiaceae,,,,,,,,,0,Hedwigi,
427,,Heliconiaceae,,,,,,,,,0,Heliconi,
428,,Helicophyllaceae,,,,,,,,,0,Helicophyll,
429,,Helwingiaceae,,,,,,,,,0,Helwingi,
430,,Herbertaceae,,,,,,,,,0,Herbert,
431,,Hernandiaceae,,,,,,,,,0,Hernandi,
432,,Himantandraceae,,,,,,,,,0,Himantandr,
433,,Hookeriaceae,,,,,,,,,0,Hookeri,
434,,Huaceae,,,,,,,,,0,Hu,
435,,Humiriaceae,,,,,,,,,0,Humiri,
436,,Hydatellaceae,,,,,,,,,0,Hydatell,
437,,Hydrocharitaceae,,,,,,,,,7,Hydrocharit,
438,,Hydroleaceae,,,,,,,,,0,Hydrole,
439,,Hydrostachyaceae,,,,,,,,,0,Hydrostachy,
440,,Hylocomiaceae,,,,,,,,,0,Hylocomi,
441,,Hymenophyllopsidaceae,,,,,,,,,0,Hymenophyllopsid,
442,,Hymenophytaceae,,,,,,,,,0,Hymenophyt,
443,,Hypnaceae,,,,,,,,,0,Hypn,
444,,Hypnodendraceae,,,,,,,,,0,Hypnodendr,
445,,Hypopterygiaceae,,,,,,,,,0,Hypopterygi,
446,,Hypoxidaceae,,,,,,,,,0,Hypoxid,
447,,Icacinaceae,,,,,,,,,0,Icacin,
448,,Iridaceae,,kosatcovité ,,,,,,,26,Irid,
449,,Irvingiaceae,,,,,,,,,0,Irvingi,
450,,Iteaceae,,,,,,,,,0,Ite,
451,,Ixioliriaceae,,,,,,,,,0,Ixioliri,
452,,Ixonanthaceae,,,,,,,,,0,Ixonanth,
453,,Jackiellaceae,,,,,,,,,0,Jackiell,
454,,Joinvilleaceae,,,,,,,,,0,Joinville,
455,,Jubulaceae,,,,,,,,,0,Jubul,
456,,Jubulopsaceae,,,,,,,,,0,Jubulops,
457,,Jungermanniaceae,,,,,,,,,0,Jungermanni,
458,,Kirkiaceae,,,,,,,,,0,Kirki,
459,,Koeberliniaceae,,,,,,,,,0,Koeberlini,
460,,Krameriaceae,,,,,,,,,0,Krameri,
461,,Lacistemataceae,,,,,,,,,0,Lacistemat,
462,,Lactoridaceae,,,,,,,,,0,Lactorid,
464,,Lanariaceae,,,,,,,,,0,Lanari,
465,,Lardizabalaceae,,,,,,,,,0,Lardizabal,
466,,Leguminosae,,,,,,,,,0,Leguminosae,
467,,Lejeuneaceae,,,,,,,,,0,Lejeune,
468,,Lembophyllaceae,,,,,,,,,0,Lembophyll,
469,,Lepicoleaceae,,,,,,,,,0,Lepicole,
470,,Lepidobotryaceae,,,,,,,,,0,Lepidobotry,
471,,Lepidolaenaceae,,,,,,,,,0,Lepidolaen,
472,,Lepidoziaceae,,,,,,,,,0,Lepidozi,
473,,Leptodontaceae,,,,,,,,,0,Leptodont,
474,,Lepyrodontaceae,,,,,,,,,0,Lepyrodont,
475,,Leskeaceae,,,,,,,,,0,Leske,
476,,Leucodontaceae,,,,,,,,,0,Leucodont,
477,,Leucomiaceae,,,,,,,,,0,Leucomi,
478,,Limeaceae,,,,,,,,,0,Lime,
479,,Limnanthaceae,,,,,,,,,0,Limnanth,
480,,Linderniaceae,,,,,,,,,2,Linderni,
481,,Loasaceae,,,,,,,,,0,Loas,
482,,Lomariopsidaceae,,,,,,,,,0,Lomariopsid,
483,,Lophiocarpaceae,,,,,,,,,0,Lophiocarp,
484,,Lophocoleaceae,,,,,,,,,0,Lophocole,
485,,Lophoziaceae,,,,,,,,,0,Lophozi,
486,,Lowiaceae,,,,,,,,,0,Lowi,
487,,Loxsomataceae,,,,,,,,,0,Loxsomat,
488,,Lunulariaceae,,,,,,,,,0,Lunulari,
489,,Lycopodiaceae,,plavuňovité ,,,,,,,10,Lycopodi,
490,,Magnoliaceae,,šácholanovité ,,,,,,,6,Magnoli,
491,,Makinoaceae,,,,,,,,,0,Makino,
492,,Malpighiaceae,,,,,,,,,0,Malpighi,
493,,Marattiaceae,,,,,,,,,0,Maratti,
494,,Marcgraviaceae,,,,,,,,,0,Marcgravi,
495,,Marchantiaceae,,,,,,,,,0,Marchanti,
496,,Martyniaceae,,,,,,,,,0,Martyni,
497,,Mastigophoraceae,,,,,,,,,0,Mastigophor,
498,,Matoniaceae,,,,,,,,,0,Matoni,
499,,Mayacaceae,,,,,,,,,0,Mayac,
500,,Meesiaceae,,,,,,,,,0,Meesi,
501,,Melanthiaceae,,kýchavicovité ,,,,,,,5,Melanthi,
502,,Melastomataceae,,,,,,,,,0,Melastomat,
503,,Melianthaceae,,,,,,,,,0,Melianth,
504,,Mesoptychiaceae,,,,,,,,,0,Mesoptychi,
505,,Metaxyaceae,,,,,,,,,0,Metaxy,
506,,Meteoriaceae,,,,,,,,,0,Meteori,
507,,Metteniusaceae,,,,,,,,,0,Mettenius,
508,,Metzgeriaceae,,,,,,,,,0,Metzgeri,
509,,Misodendraceae,,,,,,,,,0,Misodendr,
510,,Mitrastemonaceae,,,,,,,,,0,Mitrastemon,
511,,Mitteniaceae,,,,,,,,,0,Mitteni,
512,,Mniaceae,,,,,,,,,0,Mni,
513,,Molluginaceae,,,,,,,,,0,Mollugin,
514,,Monimiaceae,,,,,,,,,0,Monimi,
515,,Monocarpaceae,,,,,,,,,0,Monocarp,
516,,Montiaceae,,,,,,,,,7,Monti,
517,,Montiniaceae,,,,,,,,,0,Montini,
518,,Muntingiaceae,,,,,,,,,0,Muntingi,
519,,Myliaceae,,,,,,,,,0,Myli,
520,,Myodocarpaceae,,,,,,,,,0,Myodocarp,
521,,Myriniaceae,,,,,,,,,0,Myrini,
522,,Myrothamnaceae,,,,,,,,,0,Myrothamn,
523,,Myuriaceae,,,,,,,,,0,Myuri,
524,,Nartheciaceae,,,,,,,,,1,Nartheci,
525,,Neckeraceae,,,,,,,,,0,Necker,
526,,Nelumbonaceae,,,,,,,,,0,Nelumbon,
527,,Neotrichocoleaceae,,,,,,,,,0,Neotrichocole,
528,,Neuradaceae,,,,,,,,,0,Neurad,
529,,Nitrariaceae,,,,,,,,,0,Nitrari,
530,,Nothofagaceae,,,,,,,,,0,Nothofag,
531,,Notothyladaceae,,,,,,,,,0,Notothylad,
532,,Ochnaceae,,,,,,,,,0,Ochn,
533,,Octoblepharaceae,,,,,,,,,0,Octoblephar,
534,,Oedipodiaceae,,,,,,,,,0,Oedipodi,
535,,Olacaceae,,,,,,,,,0,Olac,
536,,Oleandraceae,,,,,,,,,0,Oleandr,
537,,Oncothecaceae,,,,,,,,,0,Oncothec,
538,,Opiliaceae,,,,,,,,,0,Opili,
539,,Orthorrhynchiaceae,,,,,,,,,0,Orthorrhynchi,
540,,Orthotrichaceae,,,,,,,,,0,Orthotrich,
541,,Oxymitraceae,,,,,,,,,0,Oxymitr,
542,,Pallaviciniaceae,,,,,,,,,0,Pallavicini,
543,,Pandaceae,,,,,,,,,0,Pand,
544,,Paracryphiaceae,,,,,,,,,0,Paracryphi,
545,,Paulowniaceae,,pavlovniovité ,,,,,,,1,Paulowni,
546,,Pelliaceae,,,,,,,,,0,Pelli,
547,,Penaeaceae,,,,,,,,,0,Penae,
548,,Pentadiplandraceae,,,,,,,,,0,Pentadiplandr,
549,,Pentaphragmataceae,,,,,,,,,0,Pentaphragmat,
550,,Pentaphylacaceae,,,,,,,,,0,Pentaphylac,
551,,Penthoraceae,,,,,,,,,0,Penthor,
552,,Peraceae,,,,,,,,,0,Per,
553,,Peridiscaceae,,,,,,,,,0,Peridisc,
554,,Petermanniaceae,,,,,,,,,0,Petermanni,
555,,Petrosaviaceae,,,,,,,,,0,Petrosavi,
556,,Philesiaceae,,,,,,,,,0,Philesi,
557,,Philydraceae,,,,,,,,,0,Philydr,
558,,Phrymaceae,,,,,,,,,2,Phrym,
559,,Phyllanthaceae,,,,,,,,,0,Phyllanth,
560,,Phyllodrepaniaceae,,,,,,,,,0,Phyllodrepani,
561,,Phyllogoniaceae,,,,,,,,,0,Phyllogoni,
562,,Phyllonomaceae,,,,,,,,,0,Phyllonom,
563,,Physenaceae,,,,,,,,,0,Physen,
564,,Picramniaceae,,,,,,,,,0,Picramni,
565,,Picrodendraceae,,,,,,,,,0,Picrodendr,
566,,Pilotrichaceae,,,,,,,,,0,Pilotrich,
567,,Pittosporaceae,,,,,,,,,0,Pittospor,
568,,Plagiochilaceae,,,,,,,,,0,Plagiochil,
569,,Plagiogyriaceae,,,,,,,,,0,Plagiogyri,
570,,Plagiotheciaceae,,,,,,,,,0,Plagiotheci,
571,,Pleuroziaceae,,,,,,,,,0,Pleurozi,
572,,Pleuroziopsaceae,,,,,,,,,0,Pleuroziops,
573,,Plocospermataceae,,,,,,,,,0,Plocospermat,
574,,Podocarpaceae,,,,,,,,,0,Podocarp,
575,,Podostemaceae,,,,,,,,,0,Podostem,
576,,Polytrichaceae,,,,,,,,,0,Polytrich,
577,,Porellaceae,,,,,,,,,0,Porell,
578,,Posidoniaceae,,,,,,,,,0,Posidoni,
579,,Pottiaceae,,,,,,,,,0,Potti,
580,,Prionodontaceae,,,,,,,,,0,Prionodont,
581,,Proteaceae,,,,,,,,,0,Prote,
582,,Pseudolepicoleaceae,,,,,,,,,0,Pseudolepicole,
583,,Psilotaceae,,,,,,,,,0,Psilot,
584,,Pterigynandraceae,,,,,,,,,0,Pterigynandr,
585,,Pterobryaceae,,,,,,,,,0,Pterobry,
586,,Ptilidiaceae,,,,,,,,,0,Ptilidi,
587,,Ptychomitriaceae,,,,,,,,,0,Ptychomitri,
588,,Ptychomniaceae,,,,,,,,,0,Ptychomni,
589,,Putranjivaceae,,,,,,,,,0,Putranjiv,
590,,Quillajaceae,,,,,,,,,0,Quillaj,
591,,Racopilaceae,,,,,,,,,0,Racopil,
592,,Radulaceae,,,,,,,,,0,Radul,
593,,Rafflesiaceae,,,,,,,,,0,Rafflesi,
594,,Rapateaceae,,,,,,,,,0,Rapate,
595,,Regmatodontaceae,,,,,,,,,0,Regmatodont,
596,,Restionaceae,,,,,,,,,0,Restion,
597,,Rhabdodendraceae,,,,,,,,,0,Rhabdodendr,
598,,Rhabdoweisiaceae,,,,,,,,,0,Rhabdoweisi,
599,,Rhachitheciaceae,,,,,,,,,0,Rhachitheci,
600,,Rhacocarpaceae,,,,,,,,,0,Rhacocarp,
601,,Rhipogonaceae,,,,,,,,,0,Rhipogon,
602,,Rhizogoniaceae,,,,,,,,,0,Rhizogoni,
603,,Ricciaceae,,,,,,,,,0,Ricci,
604,,Riellaceae,,,,,,,,,0,Riell,
605,,Rigodiaceae,,,,,,,,,0,Rigodi,
606,,Roridulaceae,,,,,,,,,0,Roridul,
607,,Rousseaceae,,,,,,,,,0,Rousse,
608,,Ruppiaceae,,,,,,,,,0,Ruppi,
609,,Rutenbergiaceae,,,,,,,,,0,Rutenbergi,
610,,Sabiaceae,,,,,,,,,0,Sabi,
611,,Salvadoraceae,,,,,,,,,0,Salvador,
612,,Sarcobataceae,,,,,,,,,0,Sarcobat,
613,,Sarcolaenaceae,,,,,,,,,0,Sarcolaen,
614,,Saururaceae,,,,,,,,,0,Saurur,
615,,Scapaniaceae,,,,,,,,,0,Scapani,
616,,Schistochilaceae,,,,,,,,,0,Schistochil,
617,,Schistostegaceae,,,,,,,,,0,Schistosteg,
618,,Schizaeaceae,,,,,,,,,0,Schizae,
619,,Schlegeliaceae,,,,,,,,,0,Schlegeli,
620,,Schoepfiaceae,,,,,,,,,0,Schoepfi,
621,,Scorpidiaceae,,,,,,,,,0,Scorpidi,
622,,Seligeriaceae,,,,,,,,,0,Seligeri,
623,,Sematophyllaceae,,,,,,,,,0,Sematophyll,
624,,Serpotortellaceae,,,,,,,,,0,Serpotortell,
625,,Setchellanthaceae,,,,,,,,,0,Setchellanth,
626,,Simmondsiaceae,,,,,,,,,0,Simmondsi,
627,,Siparunaceae,,,,,,,,,0,Siparun,
628,,Sladeniaceae,,,,,,,,,0,Sladeni,
629,,Sphaerosepalaceae,,,,,,,,,0,Sphaerosepal,
630,,Sphagnaceae,,,,,,,,,0,Sphagn,
631,,Sphenocleaceae,,,,,,,,,0,Sphenocle,
632,,Spiridentaceae,,,,,,,,,0,Spirident,
633,,Splachnaceae,,,,,,,,,0,Splachn,
634,,Splachnobryaceae,,,,,,,,,0,Splachnobry,
635,,Stachyuraceae,,,,,,,,,0,Stachyur,
636,,Stegnospermataceae,,,,,,,,,0,Stegnospermat,
637,,Stemonaceae,,,,,,,,,0,Stemon,
638,,Stemonuraceae,,,,,,,,,0,Stemonur,
639,,Stereophyllaceae,,,,,,,,,0,Stereophyll,
640,,Stilbaceae,,,,,,,,,0,Stilb,
641,,Strasburgeriaceae,,,,,,,,,0,Strasburgeri,
642,,Strelitziaceae,,,,,,,,,0,Strelitzi,
643,,Stylidiaceae,,,,,,,,,0,Stylidi,
644,,Surianaceae,,,,,,,,,0,Surian,
645,,Symplocaceae,,,,,,,,,0,Symploc,
646,,Takakiaceae,,,,,,,,,0,Takaki,
647,,Talinaceae,,,,,,,,,0,Talin,
648,,Tapisciaceae,,,,,,,,,0,Tapisci,
649,,Targioniaceae,,,,,,,,,0,Targioni,
650,,Tecophilaeaceae,,,,,,,,,0,Tecophilae,
651,,Tetrachondraceae,,,,,,,,,0,Tetrachondr,
652,,Tetramelaceae,,,,,,,,,0,Tetramel,
653,,Tetrameristaceae,,,,,,,,,0,Tetramerist,
654,,Tetraphidaceae,,,,,,,,,0,Tetraphid,
655,,Thamnobryaceae,,,,,,,,,0,Thamnobry,
656,,Theliaceae,,,,,,,,,0,Theli,
657,,Thomandersiaceae,,,,,,,,,0,Thomandersi,
658,,Thuidiaceae,,,,,,,,,0,Thuidi,
659,,Thurniaceae,,,,,,,,,0,Thurni,
660,,Ticodendraceae,,,,,,,,,0,Ticodendr,
661,,Timmiaceae,,,,,,,,,0,Timmi,
662,,Tofieldiaceae,,,,,,,,,1,Tofieldi,
663,,Torricelliaceae,,,,,,,,,0,Torricelli,
664,,Tovariaceae,,,,,,,,,0,Tovari,
665,,Trachypodaceae,,,,,,,,,0,Trachypod,
666,,Treubiaceae,,,,,,,,,0,Treubi,
667,,Trichocoleaceae,,,,,,,,,0,Trichocole,
668,,Trigoniaceae,,,,,,,,,0,Trigoni,
669,,Triuridaceae,,,,,,,,,0,Triurid,
670,,Trochodendraceae,,,,,,,,,0,Trochodendr,
671,,Vahliaceae,,,,,,,,,0,Vahli,
672,,Velloziaceae,,,,,,,,,0,Vellozi,
673,,Vetaformaceae,,,,,,,,,0,Vetaform,
674,,Vitaceae,,Révovité ,,,,,,,8,Vit,
675,,Vittariaceae,,,,,,,,,0,Vittari,
676,,Vivianiaceae,,,,,,,,,0,Viviani,
677,,Vochysiaceae,,,,,,,,,0,Vochysi,
678,,Wardiaceae,,,,,,,,,0,Wardi,
679,,Wiesnerellaceae,,,,,,,,,0,Wiesnerell,
680,,Xeronemataceae,,,,,,,,,0,Xeronemat,
681,,Xyridaceae,,,,,,,,,0,Xyrid,
682,,Zamiaceae,,,,,,,,,0,Zami,
683,,Cystopteridaceae,,puchyřníkovité,,,,,,,5,,
684,,Athyriaceae,,,,kapradiny,,,,,2,,
685,,Onocleaceae,,,,kapradiny,,,,,1,,
686,,Parmeliaceae,,,,lišejníkovité houby,,,,,1,,
